target_contrast_gene_name,max_de,mean_de,conditions_with_gt10,max_cells,any_offtarget,ontarget_sig_conditions,target_class
ZAP70,5022,2530.3333333333335,3,144.0,False,3,kinase
ATP2A2,3519,2781.6666666666665,3,268.0,False,3,transporter
SMG1,2684,2141.0,3,484.0,False,3,kinase
LCK,2414,1213.0,3,116.0,False,3,kinase
SLC24A1,1971,1938.0,3,658.0,False,0,transporter
SIK3,1810,915.3333333333334,3,344.0,False,3,kinase
SLC35B1,1542,759.3333333333334,3,156.0,False,3,transporter
INSR,1366,607.6666666666666,3,2084.0,False,2,kinase
SLC31A1,1344,810.0,3,308.0,True,3,transporter
SLC5A6,1272,655.0,3,543.0,True,1,transporter
STK11,1171,887.3333333333334,3,218.0,False,3,kinase
ATP5F1A,1021,410.6666666666667,3,399.0,True,3,transporter
CDK13,890,706.6666666666666,3,752.0,False,3,kinase
SCYL3,882,547.6666666666666,3,304.0,False,3,kinase
XPR1,814,394.0,3,547.0,False,3,transporter
NRBP1,751,588.0,3,329.0,False,3,kinase
IL12RB2,751,380.3333333333333,3,1115.0,False,3,cytokine_receptor
RELL2,739,559.0,3,166.0,True,2,cytokine_receptor
ATP5ME,733,399.6666666666667,3,252.0,True,3,transporter
SFXN1,713,315.0,3,875.0,False,3,transporter
ATP5MF,689,265.6666666666667,3,269.0,False,3,transporter
ATP8B1,662,426.6666666666667,3,404.0,False,0,transporter
LTB4R,643,384.3333333333333,3,1511.0,True,3,gpcr
LMTK2,600,233.33333333333334,3,614.0,False,3,kinase
RAB11FIP1,588,341.6666666666667,3,1642.0,False,3,gpcr
CSK,548,307.6666666666667,3,1247.0,False,3,kinase
ATP2B1,486,190.33333333333334,3,254.0,False,2,transporter
LRRC8A,448,159.33333333333334,3,1611.0,False,3,ion_channel
RIPK1,438,253.66666666666666,3,392.0,False,3,kinase
RXRB,422,282.0,3,470.0,False,2,nuclear_receptor
TNK1,416,168.0,3,284.0,False,0,kinase
SLC9A5,415,276.6666666666667,3,559.0,True,0,transporter
IL21,402,210.33333333333334,3,651.0,False,2,cytokine
LETM2,386,150.33333333333334,3,491.0,False,2,transporter
WNK1,377,269.3333333333333,3,569.0,False,3,kinase
GDF9,351,169.66666666666666,3,192.0,True,0,cytokine
PAN3,350,208.33333333333334,3,806.0,False,3,kinase
DAPK2,350,124.66666666666667,3,138.0,False,1,kinase
KCNA2,332,125.66666666666667,3,911.0,False,1,ion_channel
ATP1B3,329,235.66666666666666,3,228.0,False,3,transporter
GPR15,321,135.0,3,1447.0,False,3,gpcr
SLC25A10,315,214.0,3,296.0,False,1,transporter
PDPK1,310,187.33333333333334,3,158.0,False,3,kinase
SLC39A6,289,141.0,3,1340.0,True,3,transporter
NR2C2,285,253.66666666666666,3,463.0,False,3,nuclear_receptor
GJC1,285,184.0,3,190.0,False,3,ion_channel
NRG2,271,148.33333333333334,3,823.0,False,0,cytokine
PRKDC,261,108.66666666666667,3,114.0,True,3,kinase
SLC38A6,250,124.66666666666667,3,60.0,False,1,transporter
STK40,229,150.33333333333334,3,180.0,False,3,kinase
SLC25A26,203,99.33333333333333,3,596.0,False,3,transporter
SLC25A22,194,137.0,3,161.0,False,3,transporter
SLC25A51,193,121.33333333333333,3,680.0,False,3,transporter
ERN1,176,139.0,3,1002.0,False,2,kinase
SLC7A11,171,106.66666666666667,3,124.0,False,1,transporter
CCR6,153,91.0,3,559.0,True,0,gpcr;cytokine_receptor
SLC4A7,148,69.66666666666667,3,1600.0,False,3,transporter
PAK2,147,101.66666666666667,3,669.0,False,3,kinase
SIK2,147,65.33333333333333,3,323.0,False,3,kinase
ATM,143,103.66666666666667,3,866.0,False,3,kinase
SLC25A27,140,95.33333333333333,3,989.0,False,0,transporter
GPR63,125,79.0,3,225.0,False,0,gpcr
GPR82,121,61.666666666666664,3,694.0,False,0,gpcr
STK35,95,55.333333333333336,3,838.0,False,3,kinase
GPR137,94,75.0,3,1508.0,True,3,gpcr
ABCC1,88,59.666666666666664,3,634.0,False,3,transporter
MLKL,80,50.0,3,2261.0,False,3,kinase
SLC9A6,62,31.333333333333332,3,762.0,False,3,transporter
LRRC8B,58,39.333333333333336,3,504.0,False,3,ion_channel
IFNAR1,57,47.333333333333336,3,1214.0,False,3,cytokine_receptor
TYK2,54,39.0,3,941.0,False,3,kinase
S1PR4,49,26.666666666666668,3,375.0,False,3,gpcr
RELT,43,35.0,3,1590.0,False,3,cytokine_receptor
ABCA1,42,23.0,3,239.0,False,0,transporter
HIPK1,40,33.0,3,226.0,False,3,kinase
ADGRG5,39,31.0,3,455.0,False,3,gpcr
SLC35E3,39,30.0,3,683.0,False,3,transporter
HCN2,39,25.666666666666668,3,352.0,False,0,ion_channel
LETM1,38,31.666666666666668,3,108.0,False,1,transporter
GPRC5A,37,24.666666666666668,3,592.0,False,0,gpcr
CHUK,35,25.666666666666668,3,172.0,False,3,kinase
IL3,33,23.666666666666668,3,607.0,False,2,cytokine
MFSD4B,31,30.0,3,985.0,False,3,transporter
IL17F,29,24.333333333333332,3,1470.0,False,0,cytokine
SLC2A1,26,22.666666666666668,3,1015.0,False,3,transporter
NAMPT,26,19.666666666666668,3,271.0,False,3,cytokine
IFNAR2,25,21.0,3,352.0,False,3,cytokine_receptor
SLC44A2,21,17.0,3,725.0,False,3,transporter
SLC30A1,21,16.666666666666668,3,846.0,False,3,transporter
ATP6V1E2,16,13.666666666666666,3,1115.0,True,3,transporter
ITK,3393,1987.0,2,578.0,False,3,kinase
SLC3A2,2492,849.0,2,1336.0,False,3,transporter
FZD6,1395,497.3333333333333,2,75.0,False,1,gpcr
IL2RB,1070,649.0,2,80.0,False,2,cytokine_receptor
PIM1,979,955.5,2,134.0,False,2,kinase
IL7R,812,455.5,2,250.0,False,1,cytokine_receptor
IL4R,729,324.0,2,1006.0,False,3,cytokine_receptor
ATP5PF,531,204.33333333333334,2,102.0,True,0,transporter
CCR4,508,191.33333333333334,2,437.0,False,3,gpcr;cytokine_receptor
ATP5F1E,426,151.33333333333334,2,288.0,False,3,transporter
NR4A3,396,142.66666666666666,2,250.0,False,2,nuclear_receptor
SLC25A1,377,158.0,2,659.0,False,3,transporter
CDK2,347,135.33333333333334,2,612.0,False,3,kinase
THRA,337,147.0,2,365.0,False,2,nuclear_receptor
SLC17A5,267,169.66666666666666,2,440.0,False,3,transporter
CATSPERG,223,80.33333333333333,2,532.0,False,1,ion_channel
MTOR,187,110.0,2,47.0,False,1,kinase
SLC25A28,142,56.0,2,342.0,False,3,transporter
ATP5F1B,124,49.0,2,173.0,False,3,transporter
TRIB2,108,70.66666666666667,2,406.0,False,3,kinase
IL21R,107,62.0,2,462.0,False,3,cytokine_receptor
ULK4,98,46.666666666666664,2,721.0,False,3,kinase
CCL5,98,40.333333333333336,2,251.0,False,3,cytokine
GPR146,88,47.333333333333336,2,620.0,False,2,gpcr
BMP8A,88,36.666666666666664,2,654.0,False,0,cytokine
SLC25A3,76,35.666666666666664,2,783.0,False,3,transporter
ATP5PD,59,28.333333333333332,2,139.0,True,3,transporter
NIPAL4,51,35.666666666666664,2,728.0,False,1,transporter
ATP11B,51,31.5,2,29.0,False,2,transporter
GPR27,45,22.0,2,575.0,False,0,gpcr
ANKK1,45,21.0,2,684.0,False,0,kinase
ITGAL,43,19.666666666666668,2,639.0,False,3,kinase
STK25,39,26.666666666666668,2,827.0,False,3,kinase
MAPK1,38,20.666666666666668,2,619.0,False,3,kinase
SLK,36,19.666666666666668,2,207.0,False,3,kinase
ABCA5,35,24.0,2,860.0,False,3,transporter
JAK2,34,22.333333333333332,2,956.0,False,3,kinase
SLC33A1,32,15.333333333333334,2,233.0,False,3,transporter
TNFRSF9,25,19.333333333333332,2,585.0,False,2,cytokine_receptor
ESRRA,25,15.666666666666666,2,857.0,False,3,nuclear_receptor
LTB,23,14.333333333333334,2,289.0,True,3,cytokine
RARA,21,14.666666666666666,2,440.0,False,3,nuclear_receptor
HIPK3,18,13.333333333333334,2,830.0,False,3,kinase
ADGRL1,17,12.666666666666666,2,544.0,False,0,gpcr
TAP1,16,12.666666666666666,2,799.0,True,3,transporter
PPARA,16,11.333333333333334,2,1495.0,False,3,nuclear_receptor
IL12RB1,16,11.0,2,386.0,False,3,cytokine_receptor
SLC37A3,14,10.666666666666666,2,225.0,False,3,transporter
LEPR,13,11.333333333333334,2,849.0,False,3,cytokine_receptor
TLK1,11,9.0,2,145.0,False,3,kinase
MTCH2,693,233.66666666666666,1,370.0,False,3,transporter
SLC35C2,673,225.33333333333334,1,454.0,True,3,transporter
CCR10,505,169.33333333333334,1,748.0,False,0,gpcr;cytokine_receptor
CDK12,423,423.0,1,27.0,False,0,kinase
NR2E1,403,137.66666666666666,1,1084.0,False,0,nuclear_receptor
ITPR1,392,131.33333333333334,1,279.0,False,3,ion_channel
SLC16A1,387,131.0,1,314.0,False,3,transporter
HNF4A,360,121.33333333333333,1,730.0,False,0,nuclear_receptor
AVPR2,327,109.66666666666667,1,765.0,False,0,gpcr
IKBKB,293,99.66666666666667,1,785.0,False,3,kinase
TNFRSF10B,267,92.0,1,656.0,False,3,cytokine_receptor
SLC7A6,262,91.33333333333333,1,246.0,False,3,transporter
IL23R,256,87.0,1,661.0,False,1,cytokine_receptor
IGF2,236,79.0,1,665.0,False,0,cytokine
ABCB7,231,231.0,1,26.0,False,0,transporter
GDF11,206,206.0,1,125.0,False,0,cytokine
CHEK2,196,101.5,1,95.0,False,2,kinase
SLC27A3,188,63.0,1,800.0,False,2,transporter
ABCA3,185,64.66666666666667,1,201.0,False,1,transporter
SLC5A3,170,60.333333333333336,1,331.0,False,3,transporter
IL9,169,56.333333333333336,1,414.0,False,0,cytokine
TAOK2,165,56.0,1,195.0,False,3,kinase
FLVCR2,150,53.333333333333336,1,461.0,False,0,transporter
RXRG,120,62.5,1,107.0,False,0,nuclear_receptor
IFNGR1,110,38.0,1,412.0,False,3,cytokine_receptor
GRK6,104,36.0,1,1941.0,False,3,kinase
PKN1,102,34.666666666666664,1,269.0,False,3,kinase
PTGER3,100,36.333333333333336,1,228.0,False,1,gpcr
SLC35D2,89,30.666666666666668,1,472.0,False,3,transporter
IFNLR1,86,31.0,1,182.0,False,1,cytokine_receptor
PKN3,86,29.666666666666668,1,772.0,False,3,kinase
ATP2A3,80,31.0,1,416.0,False,3,transporter
SLC25A32,76,27.0,1,315.0,False,3,transporter
TESK2,71,29.0,1,1696.0,False,3,kinase
RARB,71,24.666666666666668,1,549.0,False,0,nuclear_receptor
IFNGR2,70,25.333333333333332,1,603.0,False,2,cytokine_receptor
GRIN3A,68,23.666666666666668,1,530.0,False,0,ion_channel
NEK1,67,23.0,1,894.0,False,3,kinase
MARK2,66,23.333333333333332,1,523.0,False,3,kinase
CSH1,65,21.666666666666668,1,630.0,False,0,cytokine
SLC35A2,64,27.0,1,388.0,False,1,transporter
NEK3,62,21.333333333333332,1,365.0,False,2,kinase
ATP6V1E1,51,19.666666666666668,1,145.0,False,3,transporter
SLC39A13,51,17.666666666666668,1,235.0,False,1,transporter
OPRM1,48,18.333333333333332,1,391.0,False,0,gpcr
TNFRSF1A,47,19.0,1,400.0,False,3,cytokine_receptor
LRRC8D,46,19.0,1,587.0,False,3,ion_channel
PTK6,45,17.0,1,404.0,False,0,kinase
SRPK1,44,16.666666666666668,1,552.0,False,3,kinase
SLC35E2B,44,14.666666666666666,1,521.0,False,0,transporter
NPC1,43,18.0,1,183.0,False,3,transporter
SLC18A2,43,16.333333333333332,1,334.0,False,0,transporter
ATP6V0A2,40,23.5,1,140.0,False,2,transporter
SGK3,40,15.333333333333334,1,229.0,False,1,kinase
SLC22A15,39,16.0,1,653.0,False,0,transporter
SLC16A5,38,19.0,1,452.0,False,1,transporter
EPHB4,37,37.0,1,98.0,False,0,kinase
CHRNB1,36,15.666666666666666,1,183.0,False,1,ion_channel
ABCC4,35,12.333333333333334,1,382.0,False,3,transporter
ATP5F1C,34,34.0,1,34.0,False,0,transporter
VRK2,30,14.333333333333334,1,270.0,False,3,kinase
ATP5F1D,30,13.333333333333334,1,302.0,False,3,transporter
NR4A1,30,11.666666666666666,1,508.0,False,1,nuclear_receptor
CD40LG,29,12.0,1,243.0,False,3,cytokine
KCNA6,26,9.0,1,80.0,False,0,ion_channel
IL2RA,25,15.0,1,351.0,False,3,cytokine_receptor
PLK4,25,14.0,1,120.0,False,0,kinase
SLC6A6,25,12.333333333333334,1,1238.0,False,3,transporter
GAS6,25,9.333333333333334,1,552.0,False,0,cytokine
MTCH1,24,12.333333333333334,1,655.0,False,3,transporter
LIMK2,24,9.333333333333334,1,699.0,False,3,kinase
AKT2,23,12.333333333333334,1,531.0,False,3,kinase
STK10,23,11.666666666666666,1,472.0,False,3,kinase
SLC10A7,23,11.333333333333334,1,206.0,False,3,transporter
CATSPER2,22,11.0,1,508.0,False,0,ion_channel
SLC39A7,22,10.666666666666666,1,200.0,False,2,transporter
SLC27A5,22,9.666666666666666,1,860.0,False,3,transporter
SLC38A10,22,9.0,1,1092.0,False,3,transporter
MATK,21,11.0,1,627.0,False,2,kinase
SLC25A37,21,9.333333333333334,1,798.0,False,3,transporter
DYRK3,21,9.0,1,846.0,False,3,kinase
BTK,21,8.666666666666666,1,306.0,False,0,kinase
PRKX,20,8.333333333333334,1,278.0,False,2,kinase
ADORA2A,19,10.333333333333334,1,854.0,False,2,gpcr
TBXA2R,18,8.0,1,424.0,False,2,gpcr
SLC15A4,17,9.0,1,287.0,False,3,transporter
GRM2,17,8.0,1,303.0,False,0,gpcr
CACNB2,17,6.666666666666667,1,243.0,False,0,ion_channel
SLC11A2,16,9.666666666666666,1,299.0,False,3,transporter
PDK3,16,9.0,1,914.0,False,3,kinase
CDKL5,16,8.666666666666666,1,982.0,False,0,kinase
CCR2,16,8.333333333333334,1,736.0,False,3,gpcr;cytokine_receptor
TNFRSF4,16,7.666666666666667,1,632.0,True,3,cytokine_receptor
KISS1R,16,7.0,1,827.0,False,0,gpcr
SLC30A6,16,6.0,1,818.0,False,3,transporter
SLC9A1,15,10.333333333333334,1,316.0,False,3,transporter
ABCD2,15,8.333333333333334,1,471.0,False,2,transporter
NR2F6,15,7.666666666666667,1,548.0,False,0,nuclear_receptor
SLC35A1,14,9.666666666666666,1,327.0,False,3,transporter
ALPK1,14,9.333333333333334,1,857.0,False,1,kinase
NMUR1,14,9.333333333333334,1,635.0,False,0,gpcr
KCNH4,14,8.0,1,164.0,False,0,ion_channel
SLC35B4,14,8.0,1,460.0,False,3,transporter
SLC35E1,13,8.0,1,399.0,False,3,transporter
SLC9B2,13,8.0,1,328.0,False,3,transporter
KCNK6,13,7.0,1,391.0,True,3,ion_channel
TNFRSF10D,13,6.666666666666667,1,911.0,False,2,cytokine_receptor
SLC23A2,13,5.333333333333333,1,157.0,False,2,transporter
CCL2,13,5.0,1,324.0,False,0,cytokine
PMCH,13,4.666666666666667,1,663.0,False,2,cytokine
CCL3L3,12,10.333333333333334,1,1369.0,False,0,cytokine
XCL1,12,9.333333333333334,1,1188.0,False,1,cytokine
OPRL1,12,6.666666666666667,1,724.0,False,0,gpcr
PTGDR,12,5.333333333333333,1,636.0,False,0,gpcr
DAPK1,12,4.333333333333333,1,729.0,False,1,kinase
GALR2,12,4.333333333333333,1,326.0,False,0,gpcr
CACNB4,11,9.666666666666666,1,719.0,False,0,ion_channel
GPR107,11,9.333333333333334,1,600.0,False,3,gpcr
ACVR1,11,7.666666666666667,1,288.0,False,3,kinase
MKNK2,11,6.666666666666667,1,615.0,False,3,kinase
OPN3,11,6.666666666666667,1,832.0,True,3,gpcr
SLC39A1,11,6.666666666666667,1,1520.0,False,3,transporter
SLC16A13,11,5.666666666666667,1,371.0,False,3,transporter
PDGFB,11,5.333333333333333,1,422.0,False,0,cytokine
ATP6V0E1,11,5.0,1,487.0,False,3,transporter
ATP7A,11,5.0,1,658.0,False,3,transporter
SLC25A15,11,5.0,1,398.0,False,3,transporter
SLC30A7,11,4.666666666666667,1,729.0,True,3,transporter
IL6ST,11,4.333333333333333,1,377.0,False,3,cytokine_receptor
RELL1,11,4.333333333333333,1,510.0,False,3,cytokine_receptor
RYR2,11,3.6666666666666665,1,599.0,False,0,ion_channel
PEAK1,10,8.0,0,1030.0,True,3,kinase
SLC12A9,10,7.666666666666667,0,808.0,False,0,transporter
SLC35C1,10,7.666666666666667,0,426.0,False,3,transporter
ADGRG1,10,7.333333333333333,0,348.0,False,3,gpcr
SLC2A11,10,7.333333333333333,0,459.0,False,3,transporter
ILK,10,6.666666666666667,0,411.0,True,3,kinase
MKNK1,10,6.0,0,293.0,False,3,kinase
STK24,10,5.666666666666667,0,950.0,False,0,kinase
LTB4R2,10,5.333333333333333,0,641.0,False,0,gpcr
SLC7A7,10,5.333333333333333,0,988.0,False,0,transporter
SLC35B2,10,5.0,0,668.0,False,3,transporter
DDR1,10,4.666666666666667,0,276.0,False,0,kinase
IL4,10,4.666666666666667,0,844.0,False,1,cytokine
LPAR2,10,4.666666666666667,0,476.0,False,2,gpcr
LTA,10,4.666666666666667,0,190.0,False,2,cytokine
ABL2,10,4.333333333333333,0,1017.0,False,3,kinase
CSF2,10,4.0,0,798.0,False,2,cytokine
CDK10,10,3.6666666666666665,0,1109.0,False,0,kinase
RIOK3,9,8.0,0,783.0,False,3,kinase
CD70,9,7.666666666666667,0,2160.0,False,3,cytokine
ATP8B2,9,7.333333333333333,0,192.0,False,3,transporter
MFSD5,9,7.333333333333333,0,510.0,False,3,transporter
SLC29A1,9,6.666666666666667,0,813.0,False,3,transporter
TXNRD2,9,6.666666666666667,0,711.0,True,3,gpcr
MARK3,9,6.333333333333333,0,584.0,False,3,kinase
VRK3,9,6.333333333333333,0,1434.0,True,3,kinase
PKD2,9,5.666666666666667,0,785.0,False,3,ion_channel
FAS,9,5.0,0,926.0,True,3,cytokine_receptor
FLT3LG,9,5.0,0,812.0,False,3,cytokine
HNF4G,9,5.0,0,304.0,False,0,nuclear_receptor
IL31,9,5.0,0,424.0,False,0,cytokine
OXSR1,9,5.0,0,705.0,False,3,kinase
SLC52A2,9,5.0,0,1133.0,True,3,gpcr;transporter
BMPR2,9,4.5,0,118.0,False,0,kinase
SLC38A1,9,4.333333333333333,0,415.0,False,3,transporter
FXYD2,9,4.0,0,1574.0,False,0,transporter
HIPK2,9,4.0,0,582.0,False,3,kinase
SLC7A5,9,4.0,0,801.0,False,3,transporter
TNFRSF14,9,3.6666666666666665,0,705.0,False,3,cytokine_receptor
TNFRSF1B,9,3.6666666666666665,0,119.0,False,2,cytokine_receptor
PF4V1,9,3.0,0,1112.0,False,0,cytokine
CDK19,8,7.0,0,651.0,False,3,kinase
LRRK2,8,6.666666666666667,0,476.0,False,0,kinase
DBI,8,6.333333333333333,0,835.0,True,3,cytokine
RYK,8,5.666666666666667,0,1595.0,False,3,kinase
P2RX4,8,5.333333333333333,0,511.0,False,3,ion_channel
PHKG2,8,5.333333333333333,0,588.0,False,3,kinase
NEK4,8,5.0,0,165.0,False,3,kinase
EREG,8,4.666666666666667,0,427.0,False,0,cytokine
NIPA2,8,4.666666666666667,0,985.0,False,3,transporter
PIM3,8,4.666666666666667,0,149.0,False,2,kinase
STK16,8,4.666666666666667,0,650.0,False,3,kinase
MAST2,8,4.0,0,303.0,False,3,kinase
UCP2,8,4.0,0,304.0,False,3,transporter
OR4D1,8,3.6666666666666665,0,410.0,False,0,gpcr
TNFSF10,8,3.3333333333333335,0,629.0,False,2,cytokine
ATP6V1G2,8,3.0,0,407.0,False,0,transporter
KCNA3,7,6.333333333333333,0,880.0,False,3,ion_channel
MCOLN2,7,6.333333333333333,0,220.0,False,3,ion_channel
LIF,7,6.0,0,979.0,False,2,cytokine
SFXN2,7,6.0,0,638.0,True,3,transporter
STK36,7,6.0,0,898.0,True,3,kinase
GPR183,7,5.666666666666667,0,357.0,False,3,gpcr
TMEM165,7,5.666666666666667,0,685.0,False,3,transporter
PROK2,7,5.333333333333333,0,502.0,False,0,cytokine
CACNB1,7,5.0,0,368.0,False,3,ion_channel
TNFSF8,7,5.0,0,886.0,False,3,cytokine
AAK1,7,4.666666666666667,0,1244.0,False,3,kinase
ATP9B,7,4.666666666666667,0,309.0,False,3,transporter
FYN,7,4.666666666666667,0,319.0,False,2,kinase
HCN3,7,4.666666666666667,0,408.0,False,0,ion_channel
NEK7,7,4.666666666666667,0,969.0,False,3,kinase
NR2C1,7,4.666666666666667,0,286.0,False,3,nuclear_receptor
PINK1,7,4.666666666666667,0,609.0,False,3,kinase
SLC20A1,7,4.666666666666667,0,598.0,False,3,transporter
SLC25A13,7,4.666666666666667,0,471.0,False,3,transporter
SLC35A5,7,4.666666666666667,0,555.0,True,3,transporter
TRIB3,7,4.666666666666667,0,362.0,False,3,kinase
GPR3,7,4.333333333333333,0,507.0,False,0,gpcr
IL10RA,7,4.333333333333333,0,592.0,False,3,cytokine_receptor
LGR6,7,4.333333333333333,0,1453.0,False,0,gpcr
STK39,7,4.333333333333333,0,1066.0,False,3,kinase
TBK1,7,4.333333333333333,0,455.0,False,3,kinase
UCP3,7,4.333333333333333,0,797.0,False,0,transporter
GDF7,7,4.0,0,409.0,False,0,cytokine
MCOLN1,7,4.0,0,613.0,True,3,ion_channel
KCNQ1,7,3.6666666666666665,0,435.0,False,1,ion_channel
SLC16A6,7,3.6666666666666665,0,748.0,True,3,transporter
ANKH,7,3.3333333333333335,0,351.0,False,3,transporter
TNFRSF13B,7,3.3333333333333335,0,488.0,False,0,cytokine_receptor
PASK,7,3.0,0,319.0,False,3,kinase
SLC6A8,7,3.0,0,1118.0,False,0,transporter
CXCL3,7,2.6666666666666665,0,726.0,False,0,cytokine
PDK4,7,2.6666666666666665,0,398.0,False,0,kinase
CCL22,7,2.3333333333333335,0,456.0,False,0,cytokine
ESR1,7,2.3333333333333335,0,563.0,False,0,nuclear_receptor
FASTK,6,6.0,0,469.0,True,3,kinase
TRPM7,6,6.0,0,34.0,False,0,kinase
MC1R,6,5.666666666666667,0,776.0,False,0,gpcr
ATP9A,6,5.333333333333333,0,2230.0,False,0,transporter
SLC25A42,6,5.0,0,662.0,False,2,transporter
SNRK,6,5.0,0,447.0,False,3,kinase
TBCK,6,4.666666666666667,0,617.0,True,3,kinase
ULK3,6,4.5,0,281.0,False,0,kinase
SLCO3A1,6,4.333333333333333,0,744.0,False,3,transporter
STK38,6,4.333333333333333,0,580.0,False,3,kinase
INSL3,6,4.0,0,1120.0,False,3,cytokine
IRAK1,6,4.0,0,968.0,False,3,kinase
RXRA,6,4.0,0,601.0,False,0,nuclear_receptor
FGF11,6,3.6666666666666665,0,595.0,True,1,cytokine
AQP5,6,3.3333333333333335,0,1092.0,False,0,ion_channel
CLK3,6,3.3333333333333335,0,266.0,False,1,kinase
FPR1,6,3.3333333333333335,0,608.0,False,0,gpcr
IL5,6,3.3333333333333335,0,791.0,False,0,cytokine
SLC49A4,6,3.3333333333333335,0,374.0,True,3,transporter
TESK1,6,3.3333333333333335,0,650.0,False,3,kinase
ABCD3,6,3.0,0,514.0,False,3,transporter
EDN1,6,3.0,0,672.0,False,0,cytokine
GPR171,6,3.0,0,827.0,False,3,gpcr
MAGT1,6,3.0,0,449.0,True,3,transporter
SLC39A8,6,3.0,0,735.0,False,3,transporter
VRK1,6,3.0,0,235.0,False,3,kinase
CSF2RB,6,2.6666666666666665,0,495.0,False,1,cytokine_receptor
IL36A,6,2.6666666666666665,0,885.0,False,0,cytokine
SPNS3,6,2.6666666666666665,0,485.0,False,1,transporter
ULK1,6,2.6666666666666665,0,1189.0,False,3,kinase
ADRB2,6,2.3333333333333335,0,826.0,False,1,gpcr
CDK7,6,2.3333333333333335,0,93.0,False,0,kinase
GPR135,6,2.0,0,249.0,False,0,gpcr
SLC17A3,6,2.0,0,505.0,False,0,transporter
TRIO,6,2.0,0,376.0,False,0,kinase
SLC25A11,5,4.333333333333333,0,1432.0,True,3,transporter
ATP8B3,5,4.0,0,850.0,False,2,transporter
CDK4,5,4.0,0,574.0,True,3,kinase
COQ8B,5,4.0,0,897.0,True,3,kinase
GSK3A,5,4.0,0,1101.0,False,3,kinase
SLC38A9,5,4.0,0,618.0,False,3,transporter
SLC51A,5,4.0,0,676.0,False,0,transporter
VIPR1,5,4.0,0,428.0,False,1,gpcr
ATP6V0A1,5,3.6666666666666665,0,748.0,False,3,transporter
CLIC5,5,3.6666666666666665,0,2405.0,False,3,ion_channel
IL23A,5,3.6666666666666665,0,1047.0,False,3,cytokine
LPAR3,5,3.6666666666666665,0,737.0,False,1,gpcr
MAST4,5,3.6666666666666665,0,969.0,False,0,kinase
NTRK1,5,3.6666666666666665,0,245.0,False,0,kinase
SLC35D1,5,3.6666666666666665,0,641.0,False,3,transporter
CDK8,5,3.3333333333333335,0,677.0,False,3,kinase
S1PR1,5,3.3333333333333335,0,695.0,False,3,gpcr
SLC35F2,5,3.3333333333333335,0,647.0,False,3,transporter
TGFB3,5,3.3333333333333335,0,622.0,False,0,cytokine
TNFRSF10A,5,3.3333333333333335,0,845.0,False,3,cytokine_receptor
XCL2,5,3.3333333333333335,0,744.0,False,0,cytokine
ABCB1,5,3.0,0,963.0,False,0,transporter
CACNA1E,5,3.0,0,647.0,False,0,ion_channel
LPAR6,5,3.0,0,2303.0,False,3,gpcr
SLC12A2,5,3.0,0,1072.0,False,3,transporter
SLC25A45,5,3.0,0,391.0,False,3,transporter
SLC36A1,5,3.0,0,543.0,False,3,transporter
TGFB1,5,3.0,0,555.0,False,3,cytokine
TNF,5,3.0,0,502.0,True,3,cytokine
UTS2,5,3.0,0,504.0,False,3,cytokine
ARAF,5,2.6666666666666665,0,364.0,False,3,kinase
CACNA2D2,5,2.6666666666666665,0,235.0,False,0,ion_channel
DYRK2,5,2.6666666666666665,0,613.0,False,3,kinase
EFNB1,5,2.6666666666666665,0,506.0,False,3,cytokine
KCNK5,5,2.6666666666666665,0,427.0,False,2,ion_channel
SLC10A3,5,2.6666666666666665,0,577.0,True,3,transporter
DYRK4,5,2.3333333333333335,0,838.0,False,3,kinase
NR1D2,5,2.3333333333333335,0,572.0,False,2,nuclear_receptor
SCYL2,5,2.3333333333333335,0,498.0,False,3,kinase
SLC1A5,5,2.3333333333333335,0,1321.0,False,1,transporter
SLC6A9,5,2.3333333333333335,0,550.0,False,1,transporter
TNFRSF21,5,2.3333333333333335,0,581.0,False,1,cytokine_receptor
AQP3,5,2.0,0,594.0,False,2,ion_channel
IL17A,5,2.0,0,872.0,False,0,cytokine
MFSD2A,5,2.0,0,1004.0,False,2,transporter
RETN,5,2.0,0,1079.0,False,0,cytokine
SLC16A3,5,2.0,0,245.0,False,2,transporter
SLC22A18,5,2.0,0,854.0,False,2,transporter
IRAK3,5,1.6666666666666667,0,551.0,False,0,kinase
LATS2,5,1.6666666666666667,0,437.0,False,1,kinase
EBI3,4,3.6666666666666665,0,1191.0,False,2,cytokine
NUCB2,4,3.6666666666666665,0,1233.0,False,3,cytokine
SLC8B1,4,3.6666666666666665,0,934.0,False,3,transporter
TNIK,4,3.6666666666666665,0,1082.0,False,3,kinase
AKT1,4,3.3333333333333335,0,765.0,False,3,kinase
GPR25,4,3.3333333333333335,0,1026.0,False,0,gpcr
NR1H2,4,3.3333333333333335,0,896.0,True,3,nuclear_receptor
SLC25A53,4,3.3333333333333335,0,1019.0,True,0,transporter
SLC35A4,4,3.3333333333333335,0,1717.0,False,3,transporter
SLC4A5,4,3.3333333333333335,0,933.0,False,0,transporter
UHMK1,4,3.3333333333333335,0,422.0,False,3,kinase
CLK4,4,3.0,0,505.0,False,3,kinase
IL1R1,4,3.0,0,1068.0,False,0,cytokine_receptor
MPC1,4,3.0,0,706.0,False,3,transporter
NIPAL3,4,3.0,0,906.0,True,3,transporter
SLC25A40,4,3.0,0,645.0,True,3,transporter
SLC35A3,4,3.0,0,497.0,False,3,transporter
SLC43A2,4,3.0,0,654.0,False,1,transporter
SLCO4A1,4,3.0,0,160.0,False,2,transporter
TAP2,4,3.0,0,481.0,False,3,transporter
VDAC1,4,3.0,0,328.0,False,3,ion_channel
ABCB8,4,2.6666666666666665,0,767.0,False,3,transporter
CCL28,4,2.6666666666666665,0,461.0,False,3,cytokine
CXCL16,4,2.6666666666666665,0,233.0,False,0,cytokine
EFNB2,4,2.6666666666666665,0,1514.0,False,0,cytokine
EGF,4,2.6666666666666665,0,454.0,False,0,cytokine
EPHA4,4,2.6666666666666665,0,2059.0,False,1,kinase
IL10RB,4,2.6666666666666665,0,395.0,False,3,cytokine_receptor
KSR1,4,2.6666666666666665,0,724.0,False,3,kinase
MAPK3,4,2.6666666666666665,0,1068.0,True,3,kinase
NEK8,4,2.6666666666666665,0,998.0,True,3,kinase
PTGER4,4,2.6666666666666665,0,514.0,False,3,gpcr
SLC25A38,4,2.6666666666666665,0,457.0,False,3,transporter
SLC26A2,4,2.6666666666666665,0,431.0,False,3,transporter
SLC38A7,4,2.6666666666666665,0,2386.0,False,3,transporter
TNFSF14,4,2.6666666666666665,0,1158.0,False,3,cytokine
ATP1A3,4,2.3333333333333335,0,682.0,False,0,transporter
ATP2B4,4,2.3333333333333335,0,819.0,False,3,transporter
IL13,4,2.3333333333333335,0,995.0,False,2,cytokine
LMTK3,4,2.3333333333333335,0,548.0,False,0,kinase
STK4,4,2.3333333333333335,0,331.0,False,3,kinase
TPCN1,4,2.3333333333333335,0,487.0,False,3,ion_channel
ABCB6,4,2.0,0,227.0,False,3,transporter
CX3CR1,4,2.0,0,956.0,False,1,gpcr;cytokine_receptor
CXCR4,4,2.0,0,510.0,False,3,gpcr;cytokine_receptor
NEK9,4,2.0,0,954.0,False,3,kinase
SLC1A4,4,2.0,0,408.0,False,3,transporter
SLC38A2,4,2.0,0,2079.0,False,3,transporter
SLC41A1,4,2.0,0,659.0,False,3,transporter
TNFRSF8,4,2.0,0,600.0,False,2,cytokine_receptor
CELSR3,4,1.6666666666666667,0,1444.0,False,0,gpcr
CXCR6,4,1.6666666666666667,0,615.0,False,2,gpcr;cytokine_receptor
SGK2,4,1.6666666666666667,0,468.0,False,0,kinase
SLC2A8,4,1.6666666666666667,0,365.0,False,2,transporter
SLC37A1,4,1.6666666666666667,0,938.0,False,1,transporter
SLC5A10,4,1.6666666666666667,0,1022.0,False,0,transporter
SLC5A5,4,1.6666666666666667,0,850.0,False,0,transporter
CCL18,4,1.3333333333333333,0,253.0,False,0,cytokine
IRAK2,4,1.3333333333333333,0,462.0,False,1,kinase
VIPR2,4,1.3333333333333333,0,335.0,False,0,gpcr
AKT3,3,3.0,0,946.0,False,3,kinase
AR,3,3.0,0,675.0,False,0,nuclear_receptor
CCR7,3,3.0,0,948.0,False,3,gpcr;cytokine_receptor
IL27RA,3,3.0,0,78.0,False,1,cytokine_receptor
ATP10A,3,2.6666666666666665,0,884.0,False,3,transporter
C5AR1,3,2.6666666666666665,0,1038.0,False,0,gpcr
CLCN6,3,2.6666666666666665,0,337.0,True,2,ion_channel
MPL,3,2.6666666666666665,0,763.0,False,0,cytokine_receptor
OBSCN,3,2.6666666666666665,0,1196.0,False,1,kinase
SLC25A5,3,2.6666666666666665,0,706.0,False,3,transporter
SLC26A5,3,2.6666666666666665,0,422.0,False,0,transporter
TCIRG1,3,2.6666666666666665,0,840.0,True,3,transporter
VDAC3,3,2.6666666666666665,0,586.0,False,3,ion_channel
ATP8A1,3,2.3333333333333335,0,1090.0,False,3,transporter
CNOT6,3,2.3333333333333335,0,604.0,False,3,gpcr
COQ8A,3,2.3333333333333335,0,652.0,False,3,kinase
CYSLTR1,3,2.3333333333333335,0,955.0,False,3,gpcr
EPHA1,3,2.3333333333333335,0,648.0,False,0,kinase
EPHB6,3,2.3333333333333335,0,936.0,False,2,kinase
EPOR,3,2.3333333333333335,0,905.0,False,0,cytokine_receptor
GPR150,3,2.3333333333333335,0,854.0,False,0,gpcr
IL26,3,2.3333333333333335,0,616.0,False,2,cytokine
IL6R,3,2.3333333333333335,0,1024.0,False,0,cytokine_receptor
LRRC8C,3,2.3333333333333335,0,529.0,False,3,ion_channel
NR3C1,3,2.3333333333333335,0,843.0,False,3,nuclear_receptor
P2RY10,3,2.3333333333333335,0,785.0,False,3,gpcr
RARG,3,2.3333333333333335,0,800.0,False,3,nuclear_receptor
SLC10A1,3,2.3333333333333335,0,459.0,False,0,transporter
SLC25A16,3,2.3333333333333335,0,713.0,False,3,transporter
SLC38A5,3,2.3333333333333335,0,841.0,False,3,transporter
SLC39A9,3,2.3333333333333335,0,411.0,False,0,transporter
TRPV2,3,2.3333333333333335,0,1161.0,False,3,ion_channel
TSHR,3,2.3333333333333335,0,1119.0,False,0,gpcr
ABCC3,3,2.0,0,465.0,False,0,transporter
ATP1B1,3,2.0,0,1433.0,False,3,transporter
CDK17,3,2.0,0,786.0,False,3,kinase
FES,3,2.0,0,506.0,False,1,kinase
GOLGB1,3,2.0,0,495.0,False,3,gpcr
GPRC5B,3,2.0,0,509.0,False,0,gpcr
ITPR2,3,2.0,0,535.0,False,3,ion_channel
MAST3,3,2.0,0,856.0,False,0,kinase
MPC2,3,2.0,0,185.0,True,2,transporter
NIPAL1,3,2.0,0,723.0,False,0,transporter
NLK,3,2.0,0,296.0,False,3,kinase
NMB,3,2.0,0,587.0,False,3,cytokine
OPN1SW,3,2.0,0,601.0,False,0,gpcr
OSM,3,2.0,0,1057.0,False,3,cytokine
P2RX5,3,2.0,0,571.0,False,3,ion_channel
PAK4,3,2.0,0,712.0,False,3,kinase
PIM2,3,2.0,0,740.0,False,3,kinase
PTGER2,3,2.0,0,196.0,False,3,gpcr
SLC19A2,3,2.0,0,1056.0,False,3,transporter
SLC26A4,3,2.0,0,821.0,False,1,transporter
SLC26A6,3,2.0,0,1022.0,False,3,transporter
SLC2A3,3,2.0,0,2741.0,False,3,transporter
SLC4A10,3,2.0,0,312.0,False,0,transporter
SLC50A1,3,2.0,0,1350.0,False,3,transporter
VEGFB,3,2.0,0,877.0,True,3,cytokine
ABCA2,3,1.6666666666666667,0,292.0,False,2,transporter
ADGRV1,3,1.6666666666666667,0,975.0,False,0,gpcr
AREG,3,1.6666666666666667,0,278.0,False,0,cytokine
ATP6V0E2,3,1.6666666666666667,0,689.0,False,3,transporter
BEST4,3,1.6666666666666667,0,619.0,False,0,ion_channel
CCR8,3,1.6666666666666667,0,290.0,False,1,gpcr;cytokine_receptor
CD27,3,1.6666666666666667,0,856.0,False,3,cytokine_receptor
FASLG,3,1.6666666666666667,0,572.0,False,2,cytokine
FLVCR1,3,1.6666666666666667,0,506.0,False,3,transporter
GSK3B,3,1.6666666666666667,0,689.0,False,3,kinase
IGF1R,3,1.6666666666666667,0,586.0,False,3,kinase
IL11RA,3,1.6666666666666667,0,1126.0,True,3,cytokine_receptor
NIPA1,3,1.6666666666666667,0,614.0,False,3,transporter
NTRK2,3,1.6666666666666667,0,709.0,False,1,kinase
P2RY8,3,1.6666666666666667,0,1113.0,False,3,gpcr
PKN2,3,1.6666666666666667,0,551.0,False,3,kinase
PLK3,3,1.6666666666666667,0,1872.0,False,3,kinase
PRAG1,3,1.6666666666666667,0,585.0,False,2,kinase
SLC11A1,3,1.6666666666666667,0,657.0,False,0,transporter
SLC22A5,3,1.6666666666666667,0,283.0,False,0,transporter
SLC25A36,3,1.6666666666666667,0,224.0,False,3,transporter
SLC25A44,3,1.6666666666666667,0,896.0,False,3,transporter
SLC27A4,3,1.6666666666666667,0,603.0,False,3,transporter
SLC35G1,3,1.6666666666666667,0,1348.0,False,3,transporter
SLC39A10,3,1.6666666666666667,0,572.0,False,3,transporter
SLC44A5,3,1.6666666666666667,0,428.0,False,0,transporter
TGFA,3,1.6666666666666667,0,605.0,False,0,cytokine
TNFSF9,3,1.6666666666666667,0,1321.0,False,2,cytokine
TTBK2,3,1.6666666666666667,0,567.0,False,3,kinase
ULK2,3,1.6666666666666667,0,505.0,False,3,kinase
ADORA2B,3,1.3333333333333333,0,555.0,False,0,gpcr
CCL1,3,1.3333333333333333,0,672.0,False,0,cytokine
CRLF2,3,1.3333333333333333,0,1399.0,False,0,cytokine_receptor
CXCL9,3,1.3333333333333333,0,578.0,False,0,cytokine
EDAR,3,1.3333333333333333,0,609.0,False,0,cytokine_receptor
EDN3,3,1.3333333333333333,0,704.0,False,0,cytokine
GPR160,3,1.3333333333333333,0,390.0,False,2,gpcr
GPR52,3,1.3333333333333333,0,1277.0,False,0,gpcr
KCNH3,3,1.3333333333333333,0,425.0,False,0,ion_channel
NR2F2,3,1.3333333333333333,0,451.0,False,0,nuclear_receptor
P2RY11,3,1.3333333333333333,0,825.0,False,1,gpcr
RIPK2,3,1.3333333333333333,0,430.0,False,2,kinase
SLC35E4,3,1.3333333333333333,0,527.0,False,2,transporter
SRC,3,1.3333333333333333,0,1250.0,False,2,kinase
SV2A,3,1.3333333333333333,0,145.0,False,0,transporter
TNFRSF11A,3,1.3333333333333333,0,431.0,False,1,cytokine_receptor
CDK6,3,1.0,0,660.0,False,1,kinase
FGF9,3,1.0,0,221.0,False,0,cytokine
KCND1,3,1.0,0,139.0,False,0,ion_channel
SLC25A25,3,1.0,0,192.0,False,0,transporter
SLC27A1,3,1.0,0,723.0,False,0,transporter
ANO6,2,2.0,0,1407.0,False,3,ion_channel
ANO8,2,2.0,0,1548.0,True,3,ion_channel
CSF1R,2,2.0,0,645.0,False,0,kinase
CYSLTR2,2,2.0,0,744.0,False,0,gpcr
IRAK4,2,2.0,0,404.0,True,3,kinase
SLC25A19,2,2.0,0,718.0,False,3,transporter
SLC39A3,2,2.0,0,454.0,False,3,transporter
ADCK5,2,1.6666666666666667,0,1285.0,False,3,kinase
ASIC3,2,1.6666666666666667,0,750.0,False,0,ion_channel
ATP8B4,2,1.6666666666666667,0,444.0,False,3,transporter
CCL3,2,1.6666666666666667,0,886.0,False,1,cytokine
CCR5,2,1.6666666666666667,0,1129.0,False,3,gpcr;cytokine_receptor
CLIC1,2,1.6666666666666667,0,523.0,False,0,ion_channel
CLK2,2,1.6666666666666667,0,956.0,False,3,kinase
CXCR3,2,1.6666666666666667,0,403.0,False,3,gpcr;cytokine_receptor
GPR132,2,1.6666666666666667,0,533.0,False,3,gpcr
GPR65,2,1.6666666666666667,0,517.0,False,3,gpcr
HRH2,2,1.6666666666666667,0,733.0,False,2,gpcr
IL15RA,2,1.6666666666666667,0,614.0,False,3,cytokine_receptor
IL1RAP,2,1.6666666666666667,0,726.0,False,3,cytokine_receptor
LETMD1,2,1.6666666666666667,0,1387.0,False,3,transporter
PPARD,2,1.6666666666666667,0,461.0,False,3,nuclear_receptor
PXK,2,1.6666666666666667,0,319.0,False,3,kinase
RIPK3,2,1.6666666666666667,0,412.0,False,3,kinase
ROCK1,2,1.6666666666666667,0,410.0,False,3,kinase
SLC12A4,2,1.6666666666666667,0,588.0,False,3,transporter
SLC25A24,2,1.6666666666666667,0,758.0,False,3,transporter
SLC35F5,2,1.6666666666666667,0,358.0,False,3,transporter
SPNS1,2,1.6666666666666667,0,857.0,False,3,transporter
SRPK2,2,1.6666666666666667,0,692.0,False,3,kinase
TAOK3,2,1.6666666666666667,0,1052.0,False,3,kinase
TNFRSF12A,2,1.6666666666666667,0,821.0,False,0,cytokine_receptor
TNFSF13,2,1.6666666666666667,0,1070.0,False,1,cytokine
TSLP,2,1.6666666666666667,0,1031.0,False,0,cytokine
VDR,2,1.6666666666666667,0,632.0,False,3,nuclear_receptor
GAK,2,1.5,0,273.0,False,0,kinase
ADCK1,2,1.3333333333333333,0,642.0,False,0,kinase
ADCK2,2,1.3333333333333333,0,730.0,False,3,kinase
ADGRE5,2,1.3333333333333333,0,608.0,False,3,gpcr
ADM,2,1.3333333333333333,0,429.0,False,0,cytokine
ATP2C1,2,1.3333333333333333,0,692.0,False,3,transporter
ATP8A2,2,1.3333333333333333,0,1104.0,False,0,transporter
BRAF,2,1.3333333333333333,0,587.0,False,3,kinase
BRSK1,2,1.3333333333333333,0,1247.0,False,1,kinase
CACNA1D,2,1.3333333333333333,0,838.0,False,0,ion_channel
CDK16,2,1.3333333333333333,0,656.0,False,3,kinase
CDK9,2,1.3333333333333333,0,297.0,False,3,kinase
CHRNE,2,1.3333333333333333,0,648.0,False,0,ion_channel
CLCN3,2,1.3333333333333333,0,792.0,False,3,ion_channel
CLIC4,2,1.3333333333333333,0,820.0,False,3,ion_channel
CXCL1,2,1.3333333333333333,0,1473.0,False,0,cytokine
F2R,2,1.3333333333333333,0,1036.0,False,3,gpcr
GJB6,2,1.3333333333333333,0,1009.0,False,0,ion_channel
GPR68,2,1.3333333333333333,0,662.0,False,3,gpcr
HRH4,2,1.3333333333333333,0,781.0,False,0,gpcr
IKBKE,2,1.3333333333333333,0,662.0,False,3,kinase
IL16,2,1.3333333333333333,0,725.0,False,3,cytokine
IL17RA,2,1.3333333333333333,0,694.0,False,3,cytokine_receptor
IL17RB,2,1.3333333333333333,0,835.0,True,1,cytokine_receptor
IL18RAP,2,1.3333333333333333,0,677.0,False,3,cytokine_receptor
IL32,2,1.3333333333333333,0,734.0,False,3,cytokine
IL3RA,2,1.3333333333333333,0,323.0,False,2,cytokine_receptor
IL9R,2,1.3333333333333333,0,643.0,True,3,cytokine_receptor
ITPR3,2,1.3333333333333333,0,997.0,False,3,ion_channel
KCNK7,2,1.3333333333333333,0,561.0,False,0,ion_channel
KCNN4,2,1.3333333333333333,0,940.0,False,3,ion_channel
KCNQ5,2,1.3333333333333333,0,601.0,False,2,ion_channel
LATS1,2,1.3333333333333333,0,897.0,False,3,kinase
LIMK1,2,1.3333333333333333,0,939.0,False,3,kinase
LPAR5,2,1.3333333333333333,0,1729.0,False,0,gpcr
MCOLN3,2,1.3333333333333333,0,717.0,False,3,ion_channel
MELK,2,1.3333333333333333,0,777.0,False,3,kinase
MINK1,2,1.3333333333333333,0,722.0,False,3,kinase
NEK11,2,1.3333333333333333,0,724.0,True,0,kinase
NR2F1,2,1.3333333333333333,0,681.0,False,0,nuclear_receptor
NUAK2,2,1.3333333333333333,0,769.0,False,0,kinase
PBK,2,1.3333333333333333,0,833.0,False,3,kinase
PTK2B,2,1.3333333333333333,0,1708.0,False,3,kinase
ROCK2,2,1.3333333333333333,0,978.0,False,3,kinase
SCYL1,2,1.3333333333333333,0,290.0,False,3,kinase
SFXN3,2,1.3333333333333333,0,917.0,False,3,transporter
SIGIRR,2,1.3333333333333333,0,867.0,False,0,cytokine_receptor
SLC25A12,2,1.3333333333333333,0,615.0,False,3,transporter
SLC25A17,2,1.3333333333333333,0,501.0,False,3,transporter
SLC25A20,2,1.3333333333333333,0,743.0,False,3,transporter
SLC25A23,2,1.3333333333333333,0,807.0,False,3,transporter
SLC25A4,2,1.3333333333333333,0,945.0,False,3,transporter
SLC25A46,2,1.3333333333333333,0,527.0,False,3,transporter
SLC27A2,2,1.3333333333333333,0,592.0,False,3,transporter
SLC2A13,2,1.3333333333333333,0,417.0,False,2,transporter
SLC2A6,2,1.3333333333333333,0,1251.0,False,0,transporter
SLC30A9,2,1.3333333333333333,0,829.0,False,3,transporter
SLC37A4,2,1.3333333333333333,0,480.0,False,3,transporter
SLC39A11,2,1.3333333333333333,0,564.0,False,3,transporter
SLC39A14,2,1.3333333333333333,0,692.0,False,3,transporter
SLC43A1,2,1.3333333333333333,0,465.0,False,3,transporter
SLC43A3,2,1.3333333333333333,0,919.0,False,3,transporter
SLC44A1,2,1.3333333333333333,0,473.0,False,0,transporter
SLC48A1,2,1.3333333333333333,0,943.0,False,3,transporter
SLC4A2,2,1.3333333333333333,0,561.0,False,3,transporter
SLC9A7,2,1.3333333333333333,0,833.0,False,3,transporter
SLC9A8,2,1.3333333333333333,0,534.0,False,3,transporter
SLCO4C1,2,1.3333333333333333,0,509.0,False,0,transporter
SMOX,2,1.3333333333333333,0,490.0,False,2,gpcr
TLK2,2,1.3333333333333333,0,290.0,False,2,kinase
TNFRSF18,2,1.3333333333333333,0,500.0,False,3,cytokine_receptor
VDAC2,2,1.3333333333333333,0,618.0,False,3,ion_channel
ABCA7,2,1.0,0,247.0,False,2,transporter
ADGRA3,2,1.0,0,721.0,False,2,gpcr
ATP10D,2,1.0,0,1190.0,False,2,transporter
C3AR1,2,1.0,0,508.0,False,1,gpcr
CACNA1A,2,1.0,0,827.0,False,0,ion_channel
CACNA1C,2,1.0,0,783.0,False,0,ion_channel
CCL20,2,1.0,0,1206.0,False,0,cytokine
CCL4L2,2,1.0,0,383.0,False,0,cytokine
CDC42BPA,2,1.0,0,690.0,False,1,kinase
CLK1,2,1.0,0,918.0,False,1,kinase
CMKLR1,2,1.0,0,491.0,False,0,gpcr
CSF3R,2,1.0,0,1102.0,False,0,cytokine_receptor
CXCR5,2,1.0,0,736.0,False,2,gpcr;cytokine_receptor
GABBR1,2,1.0,0,430.0,False,1,gpcr
IL10,2,1.0,0,382.0,False,1,cytokine
MYO3B,2,1.0,0,328.0,False,0,kinase
NR1I3,2,1.0,0,872.0,False,0,nuclear_receptor
NR5A2,2,1.0,0,725.0,False,0,nuclear_receptor
P2RY12,2,1.0,0,598.0,False,0,gpcr
PPBP,2,1.0,0,325.0,False,0,cytokine
RORB,2,1.0,0,738.0,False,0,nuclear_receptor
SBK1,2,1.0,0,804.0,False,2,kinase
SLC1A6,2,1.0,0,1309.0,False,0,transporter
TNFSF13B,2,1.0,0,470.0,False,1,cytokine
TNK2,2,1.0,0,518.0,False,0,kinase
TRPM2,2,1.0,0,1075.0,False,0,ion_channel
ACKR3,2,0.6666666666666666,0,837.0,False,0,gpcr;cytokine_receptor
ANO9,2,0.6666666666666666,0,223.0,False,0,ion_channel
CACNB3,2,0.6666666666666666,0,456.0,False,1,ion_channel
CCR1,2,0.6666666666666666,0,472.0,False,1,gpcr;cytokine_receptor
CLCN2,2,0.6666666666666666,0,493.0,False,0,ion_channel
CXCL13,2,0.6666666666666666,0,2160.0,False,0,cytokine
EFNA1,2,0.6666666666666666,0,794.0,False,0,cytokine
IL1RL1,2,0.6666666666666666,0,471.0,False,0,cytokine_receptor
IL2,2,0.6666666666666666,0,685.0,False,1,cytokine
IL24,2,0.6666666666666666,0,810.0,False,1,cytokine
IL5RA,2,0.6666666666666666,0,849.0,False,0,cytokine_receptor
KCNK12,2,0.6666666666666666,0,1135.0,False,0,ion_channel
NR3C2,2,0.6666666666666666,0,992.0,False,0,nuclear_receptor
NR5A1,2,0.6666666666666666,0,533.0,False,0,nuclear_receptor
PF4,2,0.6666666666666666,0,886.0,False,0,cytokine
RIOK1,2,0.6666666666666666,0,575.0,False,0,kinase
SLC15A2,2,0.6666666666666666,0,716.0,False,0,transporter
SLC22A23,2,0.6666666666666666,0,384.0,False,0,transporter
SLC25A6,2,0.6666666666666666,0,574.0,False,0,transporter
SLC44A4,2,0.6666666666666666,0,472.0,False,0,transporter
SLC4A4,2,0.6666666666666666,0,843.0,False,0,transporter
SLC9B1,2,0.6666666666666666,0,302.0,False,0,transporter
SSTR3,2,0.6666666666666666,0,1249.0,False,0,gpcr
TEC,2,0.6666666666666666,0,1050.0,False,1,kinase
TNFSF11,2,0.6666666666666666,0,345.0,False,1,cytokine
UCN,2,0.6666666666666666,0,711.0,True,0,cytokine
ABCB9,1,1.0,0,281.0,False,0,transporter
ABCC5,1,1.0,0,399.0,False,3,transporter
ANO10,1,1.0,0,1412.0,False,3,ion_channel
ATP11A,1,1.0,0,1182.0,False,3,transporter
ATP6V1C2,1,1.0,0,516.0,False,0,transporter
BEST1,1,1.0,0,571.0,False,0,ion_channel
BMP2K,1,1.0,0,758.0,False,3,kinase
CBLN3,1,1.0,0,359.0,True,0,cytokine
CHRNA5,1,1.0,0,404.0,False,0,ion_channel
CSF1,1,1.0,0,350.0,False,3,cytokine
CXCL14,1,1.0,0,660.0,False,0,cytokine
DAPK3,1,1.0,0,639.0,False,3,kinase
FER,1,1.0,0,1043.0,False,3,kinase
GNRH2,1,1.0,0,660.0,False,0,cytokine
GPR18,1,1.0,0,745.0,False,3,gpcr
GPR35,1,1.0,0,549.0,False,0,gpcr;cytokine_receptor
GRK5,1,1.0,0,891.0,False,3,kinase
HVCN1,1,1.0,0,741.0,False,3,ion_channel
IL18R1,1,1.0,0,726.0,False,3,cytokine_receptor
MLN,1,1.0,0,1106.0,False,0,cytokine
MYLK,1,1.0,0,669.0,False,0,kinase
NEK2,1,1.0,0,1258.0,False,3,kinase
NR0B1,1,1.0,0,1044.0,False,0,nuclear_receptor
NRG4,1,1.0,0,430.0,False,0,cytokine
P2RX7,1,1.0,0,565.0,False,3,ion_channel
PDGFD,1,1.0,0,1372.0,False,0,cytokine
PDK2,1,1.0,0,530.0,False,3,kinase
PTGIR,1,1.0,0,392.0,False,3,gpcr
S1PR2,1,1.0,0,993.0,False,3,gpcr
SFXN5,1,1.0,0,674.0,False,3,transporter
SGK1,1,1.0,0,858.0,False,3,kinase
SLC12A6,1,1.0,0,1309.0,False,0,transporter
SLC12A7,1,1.0,0,386.0,False,3,kinase;transporter
SLC16A7,1,1.0,0,589.0,False,3,transporter
SLC18B1,1,1.0,0,503.0,False,3,transporter
SLC19A1,1,1.0,0,1055.0,False,3,transporter
SLC22A3,1,1.0,0,919.0,False,0,transporter
SLC25A14,1,1.0,0,1052.0,False,3,transporter
SLC25A30,1,1.0,0,422.0,False,3,transporter
SLC25A33,1,1.0,0,1722.0,False,3,transporter
SLC25A39,1,1.0,0,457.0,False,3,transporter
SLC25A43,1,1.0,0,553.0,False,3,transporter
SLC30A5,1,1.0,0,821.0,False,3,transporter
SLC31A2,1,1.0,0,2160.0,False,3,transporter
SLC35B3,1,1.0,0,668.0,False,3,transporter
SLC35F6,1,1.0,0,830.0,False,3,transporter
SLC36A4,1,1.0,0,828.0,False,3,transporter
SLC41A3,1,1.0,0,1377.0,False,3,transporter
STK26,1,1.0,0,672.0,False,3,kinase
TAOK1,1,1.0,0,1370.0,False,3,kinase
TNFRSF25,1,1.0,0,545.0,False,3,cytokine_receptor
TPRA1,1,1.0,0,1323.0,False,3,gpcr
TXK,1,1.0,0,918.0,False,3,kinase
ABL1,1,0.6666666666666666,0,496.0,False,0,kinase
BMP6,1,0.6666666666666666,0,426.0,False,0,cytokine
CCL4,1,0.6666666666666666,0,803.0,False,2,cytokine
CD40,1,0.6666666666666666,0,899.0,False,0,cytokine_receptor
CDK20,1,0.6666666666666666,0,502.0,False,0,kinase
CDKL2,1,0.6666666666666666,0,930.0,False,0,kinase
CHRM4,1,0.6666666666666666,0,502.0,False,0,gpcr
CLCF1,1,0.6666666666666666,0,594.0,False,0,cytokine
CLCN5,1,0.6666666666666666,0,598.0,False,0,ion_channel
CLIC2,1,0.6666666666666666,0,477.0,False,0,ion_channel
CXCL10,1,0.6666666666666666,0,428.0,False,0,cytokine
CXCR2,1,0.6666666666666666,0,511.0,False,0,gpcr;cytokine_receptor
GIPR,1,0.6666666666666666,0,989.0,False,0,gpcr
IFNG,1,0.6666666666666666,0,371.0,False,1,cytokine
IL12A,1,0.6666666666666666,0,796.0,False,0,cytokine
IL22,1,0.6666666666666666,0,728.0,False,1,cytokine
KCNC3,1,0.6666666666666666,0,830.0,False,1,ion_channel
KCNC4,1,0.6666666666666666,0,592.0,False,2,ion_channel
NR1D1,1,0.6666666666666666,0,687.0,False,2,nuclear_receptor
NR1H4,1,0.6666666666666666,0,672.0,False,0,nuclear_receptor
NUAK1,1,0.6666666666666666,0,301.0,False,0,kinase
P2RX1,1,0.6666666666666666,0,648.0,False,0,ion_channel
P2RY14,1,0.6666666666666666,0,420.0,False,0,gpcr
PPARG,1,0.6666666666666666,0,917.0,False,2,nuclear_receptor
RYR1,1,0.6666666666666666,0,843.0,False,0,ion_channel
RYR3,1,0.6666666666666666,0,573.0,False,0,ion_channel
SLC23A3,1,0.6666666666666666,0,929.0,False,0,transporter
SLC25A35,1,0.6666666666666666,0,568.0,True,1,transporter
SLC26A11,1,0.6666666666666666,0,613.0,True,0,transporter
SLC29A2,1,0.6666666666666666,0,636.0,False,2,transporter
SLC30A4,1,0.6666666666666666,0,374.0,False,1,transporter
SLC41A2,1,0.6666666666666666,0,513.0,False,2,transporter
SLC9A9,1,0.6666666666666666,0,719.0,False,1,transporter
SPEG,1,0.6666666666666666,0,976.0,False,0,kinase
TPCN2,1,0.6666666666666666,0,997.0,False,2,ion_channel
TRIB1,1,0.6666666666666666,0,521.0,False,2,kinase
VEGFA,1,0.6666666666666666,0,572.0,False,2,cytokine
CLCN7,1,0.5,0,335.0,False,0,ion_channel
ABCC10,1,0.3333333333333333,0,649.0,False,0,transporter
ABCC2,1,0.3333333333333333,0,616.0,False,0,transporter
ADGRB2,1,0.3333333333333333,0,281.0,False,0,gpcr
ADGRE2,1,0.3333333333333333,0,953.0,False,0,gpcr
AQP1,1,0.3333333333333333,0,459.0,False,0,ion_channel
AQP11,1,0.3333333333333333,0,556.0,False,0,ion_channel
ASIC1,1,0.3333333333333333,0,1032.0,False,1,ion_channel
ATP6V1D,1,0.3333333333333333,0,247.0,False,0,transporter
AXL,1,0.3333333333333333,0,866.0,False,0,kinase
CACNA2D4,1,0.3333333333333333,0,626.0,False,0,ion_channel
CALCB,1,0.3333333333333333,0,1084.0,False,0,cytokine
CATSPERB,1,0.3333333333333333,0,489.0,False,0,ion_channel
CCR9,1,0.3333333333333333,0,981.0,False,0,gpcr;cytokine_receptor
CDKL1,1,0.3333333333333333,0,430.0,False,0,kinase
CHRNA10,1,0.3333333333333333,0,553.0,False,0,ion_channel
CLIC3,1,0.3333333333333333,0,736.0,False,1,ion_channel
CXCL8,1,0.3333333333333333,0,410.0,False,1,cytokine
DDR2,1,0.3333333333333333,0,570.0,False,0,kinase
ESR2,1,0.3333333333333333,0,772.0,False,0,nuclear_receptor
ESRRG,1,0.3333333333333333,0,1150.0,False,0,nuclear_receptor
FGF2,1,0.3333333333333333,0,533.0,False,0,cytokine
FGFR2,1,0.3333333333333333,0,657.0,False,0,kinase
GDF15,1,0.3333333333333333,0,693.0,False,0,cytokine
GJB2,1,0.3333333333333333,0,466.0,False,0,ion_channel
GPR157,1,0.3333333333333333,0,1553.0,False,1,gpcr
GPR19,1,0.3333333333333333,0,279.0,False,0,gpcr
GPR55,1,0.3333333333333333,0,305.0,False,0,gpcr
GRK4,1,0.3333333333333333,0,302.0,False,0,kinase
HCK,1,0.3333333333333333,0,286.0,False,0,kinase
IL1A,1,0.3333333333333333,0,563.0,False,0,cytokine
IL1RN,1,0.3333333333333333,0,896.0,False,0,cytokine
KCNH2,1,0.3333333333333333,0,337.0,False,0,ion_channel
KCNJ1,1,0.3333333333333333,0,846.0,False,0,ion_channel
KIT,1,0.3333333333333333,0,363.0,False,0,kinase
MFSD4A,1,0.3333333333333333,0,500.0,False,0,transporter
MOK,1,0.3333333333333333,0,1119.0,False,0,kinase
MRFAP1,1,0.3333333333333333,0,1089.0,False,0,gpcr
MRGPRD,1,0.3333333333333333,0,778.0,False,0,gpcr
NEK6,1,0.3333333333333333,0,736.0,False,0,kinase
NIPAL2,1,0.3333333333333333,0,930.0,False,0,transporter
NR1I2,1,0.3333333333333333,0,971.0,False,0,nuclear_receptor
NR4A2,1,0.3333333333333333,0,1083.0,False,1,nuclear_receptor
NR6A1,1,0.3333333333333333,0,430.0,False,0,nuclear_receptor
NTRK3,1,0.3333333333333333,0,484.0,False,0,kinase
OSMR,1,0.3333333333333333,0,605.0,False,0,cytokine_receptor
P2RY13,1,0.3333333333333333,0,344.0,False,0,gpcr
PAWR,1,0.3333333333333333,0,814.0,False,1,gpcr
PDGFA,1,0.3333333333333333,0,811.0,False,0,cytokine
RLN2,1,0.3333333333333333,0,635.0,False,1,cytokine
S1PR5,1,0.3333333333333333,0,835.0,False,0,gpcr
SCN8A,1,0.3333333333333333,0,513.0,False,0,ion_channel
SLC16A10,1,0.3333333333333333,0,313.0,False,0,transporter
SLC1A2,1,0.3333333333333333,0,719.0,False,0,transporter
SLC23A1,1,0.3333333333333333,0,192.0,False,0,transporter
SLC25A29,1,0.3333333333333333,0,1180.0,False,0,transporter
SLC29A3,1,0.3333333333333333,0,563.0,False,1,transporter
SLC3A1,1,0.3333333333333333,0,567.0,False,0,transporter
SLC40A1,1,0.3333333333333333,0,892.0,False,1,transporter
SLC46A3,1,0.3333333333333333,0,709.0,False,1,transporter
SLC5A2,1,0.3333333333333333,0,1074.0,False,0,transporter
TAC4,1,0.3333333333333333,0,641.0,False,0,cytokine
TAS2R20,1,0.3333333333333333,0,918.0,False,0,gpcr
THRB,1,0.3333333333333333,0,1165.0,False,0,nuclear_receptor
TSSK4,1,0.3333333333333333,0,223.0,False,0,kinase
TSSK6,1,0.3333333333333333,0,502.0,True,0,kinase
ABCC8,0,0.0,0,487.0,False,0,transporter
ABCG1,0,0.0,0,288.0,False,0,transporter
ANGPT2,0,0.0,0,1354.0,False,0,cytokine
AQP9,0,0.0,0,1326.0,False,0,ion_channel
BLK,0,0.0,0,779.0,False,0,kinase
BMP1,0,0.0,0,323.0,False,0,cytokine
BMP8B,0,0.0,0,519.0,False,0,cytokine
CACNA1H,0,0.0,0,584.0,False,0,ion_channel
CCL25,0,0.0,0,448.0,False,0,cytokine
CDC42BPB,0,0.0,0,561.0,False,0,kinase
CDK5,0,0.0,0,243.0,False,0,kinase
CELSR2,0,0.0,0,216.0,False,0,gpcr
CHRNA1,0,0.0,0,662.0,False,0,ion_channel
CHRNA6,0,0.0,0,703.0,False,0,ion_channel
CNTF,0,0.0,0,940.0,False,0,cytokine
CSF2RA,0,0.0,0,799.0,False,0,cytokine_receptor
CXCL11,0,0.0,0,632.0,False,0,cytokine
CXCL5,0,0.0,0,376.0,False,0,cytokine
EDA,0,0.0,0,613.0,False,0,cytokine
EFNA4,0,0.0,0,246.0,False,0,cytokine
ESRRB,0,0.0,0,1218.0,False,0,nuclear_receptor
F2RL1,0,0.0,0,728.0,False,0,gpcr
FGR,0,0.0,0,950.0,False,0,kinase
GPR34,0,0.0,0,673.0,False,0,gpcr
GPR75,0,0.0,0,171.0,False,0,gpcr;cytokine_receptor
GRIN2B,0,0.0,0,1063.0,False,0,ion_channel
HCAR1,0,0.0,0,353.0,False,0,gpcr
IL13RA1,0,0.0,0,526.0,False,0,cytokine_receptor
IL15,0,0.0,0,352.0,False,0,cytokine
IL17D,0,0.0,0,326.0,False,0,cytokine
IL17RE,0,0.0,0,363.0,False,0,cytokine_receptor
IL1B,0,0.0,0,561.0,False,0,cytokine
IL1R2,0,0.0,0,881.0,False,0,cytokine_receptor
IL36RN,0,0.0,0,1441.0,False,0,cytokine
KALRN,0,0.0,0,348.0,False,0,kinase
KCNG3,0,0.0,0,1979.0,False,0,ion_channel
KCNJ14,0,0.0,0,834.0,False,0,ion_channel
KCNMA1,0,0.0,0,452.0,False,0,ion_channel
LIFR,0,0.0,0,1233.0,False,0,cytokine_receptor
LTK,0,0.0,0,696.0,False,0,kinase
LYN,0,0.0,0,469.0,False,0,kinase
MAK,0,0.0,0,349.0,False,0,kinase
MCHR1,0,0.0,0,935.0,False,0,gpcr
NEK10,0,0.0,0,346.0,False,0,kinase
NR1H3,0,0.0,0,545.0,False,0,nuclear_receptor
NR2E3,0,0.0,0,907.0,False,0,nuclear_receptor
NRBP2,0,0.0,0,668.0,False,0,kinase
PAK3,0,0.0,0,2296.0,False,0,kinase
PGR,0,0.0,0,382.0,False,0,nuclear_receptor
PLK2,0,0.0,0,971.0,False,0,kinase
POMC,0,0.0,0,904.0,False,0,cytokine
PTAFR,0,0.0,0,922.0,False,0,gpcr
PTGDR2,0,0.0,0,642.0,False,0,gpcr
PTK2,0,0.0,0,1298.0,False,0,kinase
RORC,0,0.0,0,1352.0,False,0,nuclear_receptor
SCNN1D,0,0.0,0,1042.0,False,0,ion_channel
SIK1,0,0.0,0,851.0,False,0,kinase
SLC15A3,0,0.0,0,446.0,False,0,transporter
SLC17A1,0,0.0,0,780.0,False,0,transporter
SLC17A9,0,0.0,0,511.0,False,0,transporter
SLC22A17,0,0.0,0,374.0,False,0,transporter
SLC25A34,0,0.0,0,830.0,False,0,transporter
SLC26A1,0,0.0,0,939.0,False,0,transporter
SLC26A3,0,0.0,0,550.0,False,0,transporter
SLC2A14,0,0.0,0,994.0,False,0,transporter
SLC35E2A,0,0.0,0,532.0,False,0,transporter
SLC39A4,0,0.0,0,1305.0,False,0,transporter
SLC44A3,0,0.0,0,215.0,False,0,transporter
SLC45A4,0,0.0,0,1137.0,False,0,transporter
SLC4A8,0,0.0,0,377.0,False,0,transporter
SLC6A1,0,0.0,0,695.0,False,0,transporter
SLC7A8,0,0.0,0,1105.0,False,0,transporter
TAS2R14,0,0.0,0,727.0,False,0,gpcr
TAS2R5,0,0.0,0,699.0,False,0,gpcr
TNFRSF13C,0,0.0,0,357.0,False,0,cytokine_receptor
TNFSF4,0,0.0,0,1165.0,False,0,cytokine
TRPC1,0,0.0,0,753.0,False,0,ion_channel
ZACN,0,0.0,0,459.0,False,0,ion_channel
