phase,module,category,dir,purpose,input_contract,output_contract,shared_deps,isolation_rule,freeze_kind,freeze_value,shape_or_filecount,validation_authority,status,frozen_at
P1_data_aggregation,01_raw_data,data,docs/mvp-research/pipeline/01_raw/data/,01_raw 資料:DE_stats + sgrna/sample metadata suppl tables,external GWT bioRxiv suppl table + public S3; no upstream module,DE_stats.suppl_table.csv = 33983x16 (16-col dictionary pinned in README_01_raw.md),none (leaf); read by 02_curated only,treat frozen; edit only to swap source then re-hash + re-pin all downstream,module_blob_sha256,4c492f5a75a06d1ae02f0a2968261d403261eb362cdf7c995a2e6c5eb8a33235,2 files,FREEZE_MANIFEST.csv (01_raw) + reproducibility_audit/parity_01_02.csv (re-verified MATCH at HEAD),OK,2026-07-12
P1_data_aggregation,01_raw_docs,doc,docs/mvp-research/pipeline/01_raw/,Raw stage derivation spec (README) + EDA,describes 01_raw data contract,README_01_raw.md + EDA_01_raw.md (16-col dictionary authority),documents DE_stats schema for all downstream,edit docs with any raw contract change; keep col dictionary in sync,module_blob_sha256,be9ef185a1a87f0b1c8dee00c02cd45005ddc78f73e671e2d3468e6cec2f2619,2 files,self (blob-sha set),OK,2026-07-12
P1_data_aggregation,marson2025_manifest,data,data/marson2025_data/,Manifest of Marson-lab GWT perturb-seq raw S3 drop (separate raw source for signed-DE track),external S3 genome-scale-tcell-perturb-seq,manifest.csv = 32x6 file inventory (path/size/checksum),consumed by signed_de_application (h5ad extraction on GB10),edit only to re-issue manifest when S3 drop changes; re-hash on change,module_blob_sha256,bcd572a8de2953187b91feb0e53caad7099abc45b9608918a8486da0e839d02d,1 files,self (md5) vs S3 listing,OK,2026-07-12
P1_data_aggregation,metadata,collection,metadata/,"External reference tables, curated gene lists, sgRNA libraries, supplementary tables (reference-data warehouse)","external only (published paper suppl files, HPA/CORUM/GWAS catalog, Marson sgRNA library)",AS-IS heterogeneous reference collection; per-file schema owned by originating publication,gene_lists/* & suppl_tables/* read by curation/enrichment/signed_de_application; sgrna_df_final.* cross-checked vs src/1_preprocess results,edit only under metadata/; read-only inputs; replacing a source re-pins code_blob_sha + re-validate downstream consumers,module_blob_sha256,24a8fb429d1130b817cd54dce395b95f4145baac0c0b136b8bce87791f380069,64 files,"self (dir blob-sha set); per-file schema = originating publication (metadata/README.md,data_sharing_readme.md)",OK,2026-07-12
P1_data_aggregation,sources,collection,sources/,Literature/landscape research outputs + target-tool evidence/pathway/overlay cache; single collected source,external only (PubMed/OpenAlex/ClinicalTrials/LINCS/gnomAD/GTEx/HPA/Reactome),AS-IS collection; no fixed row/schema contract; read-only opaque cache keyed by filename,"read-only by dashboard/target-card layer (_evidence/*.json,_pathway/*.json); _overlays/* also pinned in FREEZE_MANIFEST overlays",edit only under sources/; re-pin code_blob_sha on any add/edit; cannot affect stages 01-04 (never read here),module_blob_sha256,337e7524dac6af2e158d5b1dc0563f291426f5ec639dd20339720234312be23a,59 files,self (dir blob-sha set) + FREEZE_MANIFEST overlays rows,OK,2026-07-12
P2_preprocessing,02_curated_docs,doc,docs/mvp-research/pipeline/02_curated/,Curated stage derivation spec (README) + EDA,describes 02_curated transform (passes_gate/logDE formulas),README_02_curated.md + EDA_02_curated.md,documents gate/logDE semantics for downstream,edit docs with any curated contract change,module_blob_sha256,b22798b7ebcc579e2e9b46978826d3645f5503b7068627c558409ccef8611b91,2 files,self (blob-sha set),OK,2026-07-12
P2_preprocessing,02_curated_targets,data,docs/mvp-research/pipeline/02_curated/data/,Type-normalise + gate flags; keep all 33983 rows; add passes_gate + logDE (columns-only),01_raw/data/DE_stats.suppl_table.csv (33983x16),curated_targets.csv = 33983x18 (16 raw + passes_gate + logDE),raw schema; read by 03/04 and 05_visualization,edit curated transform + README only; regenerate; confirm 33983 rows + MD5; do not touch 03/04,module_blob_sha256,29998644ffcd4180790e7ad59bbcaba64f06b8b6ca8ef97212af1ca5f7f273f6,1 files,FREEZE_MANIFEST.csv (02_curated) + reproducibility_audit/parity_01_02.csv (supersedes policy 7b8fbe8c; re-verified MATCH),OK,2026-07-12
P2_preprocessing,03_processed_data,data,docs/mvp-research/pipeline/03_processed/data/,03_processed 資料:effect_matrix + de_matrix + gate_passing_targets,02_curated/data/curated_targets.csv (33983x18),de_matrix.csv = 11526x4; columns ordered Rest->Stim8hr->Stim48hr; NaN-for-missing,curated schema,edit pivot transform + README; preserve col order + NaN semantics,module_blob_sha256,40aec828a74e05d688c104a8bdf3b1f958078eb183675d84e34086aa0867c060,3 files,FREEZE_MANIFEST.csv (03_processed) + reproducibility_audit/parity_03.csv (supersedes policy 6b2ed5e5; re-verified MATCH),OK,2026-07-12
P2_preprocessing,03_processed_docs,doc,docs/mvp-research/pipeline/03_processed/,Processed stage derivation spec (README) + EDA,describes pivot/subset transforms + condition ordering,README_03_processed.md + EDA_03_processed.md,documents matrix shapes/col order for downstream,edit docs with any processed contract change,module_blob_sha256,4e9b48cf5233d6297118fa9ead88473087c383c82ba43905d3e570c8af64dbce,2 files,self (blob-sha set),OK,2026-07-12
P2_preprocessing,src/1_preprocess,code,src/1_preprocess/,"Type normalisation, QC gating, guide-effect estimation, sgRNA->gene annotation","raw count matrices (S3/GB10, out of repo) + metadata/ tables + sample lists",CODE MODULE - freeze=git blob-sha set; no single data contract; committed results/*.parquet reproducible from code (canonical copy=metadata/sgrna_df_final.*),"metadata/sgRNA_library_curated.csv, metadata/sgrna_df_final.*, environment.yaml, src/utils.py",self-contained numbered stage; no sibling src/N_* imports; share via written artifacts,module_blob_sha256,6b401829c48e9eef2f774d86cc8d35d212ce6ec9e47972c979637a8a95caeee9,30 files,self (dir blob-sha set); produced sgRNA table cross-checked vs metadata/sgrna_df_final.parquet,OK,2026-07-12
P2_preprocessing,src/2_embedding,code,src/2_embedding/,NTC/cell embedding computation used downstream for integration,QC-d count matrices from stage 1 (out of repo),CODE MODULE - freeze=git blob-sha set; no committed data contract (embeddings regenerated),environment.yaml (scanpy/pertpy); stage-1 outputs,edit only under src/2_embedding/; consumes stage-1 read-only,module_blob_sha256,0463e0438e246bf8c4691a3ad8b2eb5ede6b8479a17e75ea171e167f450372bd,2 files,self (dir blob-sha set); no data pin (active/regenerated),OK,2026-07-12
P2_preprocessing,src/9_cell_integration,code,src/9_cell_integration/,Integrate cells across samples/donors; perturbation-response readouts; runtime YAML+manifest parameterised,user-supplied real data via manifest.template.csv + cell_integration.example.yaml (paths at run time),CODE MODULE - freeze=git blob-sha set; no data contract (outputs run-specific per runtime manifest),environment.yaml; stage-1/2 outputs at run time,edit only under src/9_cell_integration/; data binding via runtime manifest/YAML; never hardcode sibling paths,module_blob_sha256,7c5174837e26fa69fd419af8841d407b932017cd5bac1466855e85c3e7b37eba,6 files,"self (dir blob-sha set); active cloud-dev code, no data pin",OK,2026-07-12
P3_statistics,cytokine_regulators,code,src/5_cytokine_regulators/,找出調控細胞激素程式的擾動標靶並做後續分析(細胞激素受體焦點基因清單),DE 統計 + cytokine_receptor_genes.txt(細胞激素受體焦點基因),notebook 派生分析(cytokine_regulators_overview / followup);對應論文細胞激素調控子圖,上游 DE 統計;figure_map.md,"僅編輯本資料夾。無固定資料輸出契約(notebook 探索),freeze = 程式碼 blob 集合。",module_blob_sha256,5cb82d2d4b7339c30c9599fcdc67fcd28cdc49114f08d8299d58a6fb44f07579,4 files,code_blob_sha 定版(notebook + 焦點基因清單);無獨立資料契約,OK,2026-07-12
P3_statistics,de_engine_and_backend,code,src/3_DE_analysis/,DE 統計引擎(pseudobulk→chunked DE→merge)+ target-card 契約 core/ + FastAPI 唯讀後端 api/ + contracts/(card_schema 39欄)、power/donor/guide robustness、K562 對照,raw/curated DE 資料(依 stage README)、DE_config_*.yaml、上游 layer tables + evidence/pathway 快取(唯讀),"pipeline data/*.csv(stages 1.1–1.4)+ card JSON(contracts/card_schema.py 39欄, kd_status∈{confirmed,weak,not_measurable,not_assessed}, grade 1–4)、HTTP/JSON API",src/utils.py; environment.yaml; contracts/card_schema.py; tests/fixtures/golden_*.csv,"各 src/N_* 子資料夾自足;不跨編號資料夾 import,只經寫出的 artifact 分享。後端內部可自由改寫,只要 card_schema JSON 契約不變。",module_blob_sha256,e7f0b179dc14b7763a0c04e58963f5ee56c6ca55783ee609789d70b75371c318,118 files,pytest (test_api_openapi/test_triage_target_api/test_exports_provenance/test_join_integrity/test_golden_file) + contracts/card_schema.py:validate_cards; test_freeze_integrity.py,OK,2026-07-12
P3_statistics,functional_interaction,code+data,src/6_functional_interaction/,"下游功能富集(GO)、條件/組織專一性、聚類、T活化調控子,與 Open Targets 自體免疫疾病關聯",上游 DE/聚類結果;Open Targets 疾病基因(download_disease_genes.py),results/ 聚類富集(clustering_nde75ntotal50_enrichment*.csv/parquet/xlsx)、cluster_autoimmune_enrichment_results.csv、疾病基因 barplot SVG,上游 DE schema;Open Targets API;下游「疾病轉譯」工具的來源之一,"僅編輯本資料夾;疾病關聯匯出以檔案交付下游,不被下游 import。",module_blob_sha256,46b15351b7ed1bcac76866b2da4e3ffedde65ade83afb1e50225e67b135f90b9,27 files,code_blob_sha + 輸出檔 md5;Open Targets 富集可用 live API 重查驗證,OK,2026-07-12
P3_statistics,level4_external_validation,doc+data,docs/mvp-research/level4_external_validation/,以獨立公開資料集正交交叉驗證 signed 排名(5 級驗證階梯之 L4):GWAS/Open Targets、STRING、GEO GSE318876,"signed_ranking_v2(10,851;55-target shortlist)+ 外部 Open Targets/STRING/GEO GSE318876",track_a_gwas_genetic_association.csv(55×16)、track_b_string_partner_recovery.csv(15×7)、track_c_gse318876_target_evidence.csv(1235×12)、validation_target_set.csv(55×8)、level4_external_validation_figure.png,"signed_ranking_v2.csv(上游,唯讀);外部公開 DB;phenotype_matched_crosscheck.py",僅編輯本資料夾;唯讀消費 signed 輸出、產出自有 tracks — 與 stages 01–07 解耦。association≠causation 限制須保留。,module_blob_sha256,02d68fcdf2744b7c2c49f6f9a30eb276b8fad0ffeda2dd6db37ef30495b675bc,15 files,third-party recompute(15/15 numbers;live Open Targets 重查 TYK2/STAT3/CD3E)+ pytest test_phenotype_matched_crosscheck.py,OK,2026-07-12
P3_statistics,lymphocyte_lof_burden,code+data,src/8_lymphocyte_counts_LoF/,Regulator-burden 相關分析對淋巴球數量;找各條件(Stim8hr/Stim48hr)核心基因及其調控子,input/ 外部 LoF burden 估計(Backman 2021 per-gene estimates、shet_10bins、gencode v41 gene map),results/ core_genes_{cond}_{dir}.txt(4)、core_genes_enrich_analysis_results.csv,外部 Backman/gnomAD burden 資料;R 腳本(Regulator_burden_correlation_*.R),僅編輯本資料夾;R 與 notebook 分析獨立於主 pipeline。,module_blob_sha256,703ef34b27b6ad39b2faf989a81acc76f7d2f6567dc9fd6c5304b07dcfb21392,14 files,code_blob_sha + core-gene 清單/富集 md5;R×外部 burden 重算比對,OK,2026-07-12
P3_statistics,ml_perturbation_prediction,code,src/10_ml_perturbation_prediction/,刻意隔離的探索性 ML 實驗場:預測下游被影響基因(GenePert 風格基線、GEARS GNN、known-regulator 分類、real-features 基線);誠實負面報告,"metadata/suppl_tables/full_signed_DE(205萬配對,10,851標的)、gate_passing_signed_DE","results/*_benchmark.json + *_README.md(基準結果,永不寫入 target_cards/readiness)","自有 requirements.txt(獨立 venv,不進 environment.yaml)","硬邊界:絕不 import src/3_DE_analysis production 路徑,production 也絕不 import 此目錄。輸出只寫本目錄 results/。GroupKFold 防洩漏、deterministic、unknown≠0。",module_blob_sha256,1282486c7c0248be769631c13f280d3dadae317cf06f231f00585ee58239f0fb,19 files,pytest (test_perturbation_prediction_benchmark/test_perturbation_prediction_ml) + benchmark.json 定版;決定性 seed 可重算,OK,2026-07-12
P3_statistics,onek1k_external_analysis,code,src/7_1k1k_analysis/,以外部 OneK1K 族群單細胞資料做 DE 與 pert2state 模型的比較/外部驗證,GWT 擾動效應 + 外部 OneK1K 族群單細胞資料,notebook + 腳本鏈 (process.py→1k1k_analysis.py→compare.py→plot.py) 派生比較(無 committed 資料輸出),GWT 擾動效應 artifact;外部 OneK1K 資料,"僅編輯本資料夾;純外部驗證,不寫回主 pipeline。無 committed 資料契約。",module_blob_sha256,c7a46adf74106db62a8058d912f7702ce1ad42af88527cf0b6f5a8b754b64b9b,7 files,code_blob_sha 定版(notebook + 4 個 .py 腳本);外部資料重算比對,OK,2026-07-12
P3_statistics,polarization_signatures,code+data,src/4_polarization_signatures/,Th1/Th2/Treg/Th17 極化差異表現(DE)與極化預測模型;discovery/replication 比較、外部對照(Ota/Arce/Hollbacher/Oh/Yazar),src/2 嵌入 + DE 統計;外部對照資料集,results/ 內各極化 DE CSV、polarization_model_coefs.csv、Ota sweep 評估、單細胞 signature/volcano SVG,上游 DE 統計 schema;figure_map.md(論文極化圖),"僅編輯本資料夾;讀上游只透過已發佈 artifact。輸出為描述性 DE 結果表,非 pipeline stage 契約。",module_blob_sha256,06ecc7c78d709416b6aede86010806e9187ff6dc65ba2625c0b139becaac0a41,32 files,code_blob_sha 定版 + 描述性輸出檔 md5(non-pipeline;第三方可用相同外部資料重算 DE 比對),OK,2026-07-12
P3_statistics,signed_de_application,doc+data,docs/mvp-research/signed_de_application/,補上 count-only pipeline 缺的基因層次 signed 方向性(blindspot 3):scale-free 極性排名(directionality_index)、footprint 類別、corrected-background 富集、LINCS 一致性,"Marson-lab GWCD4i.DE_stats.h5ad(S3, 15.63GB, GB10 萃取)— 獨立 raw source,非 33,983 列表","signed_ranking_v2.csv(10,851×28)、downstream_enrichment_v2.csv(12,975×10)、lincs_concordance.csv、signed_application_figure.png",producing script reproduce_signed_tracks.py;DATA_DICTIONARY.md;reactome snapshot,僅編輯本資料夾 + reproduce_signed_tracks.py。獨立於 stages 02–07(不同 raw input)— 可重建 signed tracks 不動主 pipeline。directionality_class(legacy)/expression_artifact_flag(不可重算)caveat 須保留文件化。,module_blob_sha256,32a260cff0b38b0bbc2f973451ebef65443a03e282f72041e8979c5be7c31bf9,6 files,"GB10_SIGNED_DE_VALIDATION.md coverage 對源 README(2,056,424 sig pairs;10,851 標的;28,757 target×cond 對主 pipeline n_up/n_down/n_total 全等 max diff 0)+ MASTER_REVIEW_SUMMARY.md 30/34 spot-check",OK,2026-07-12
P3_statistics,stage04_statistical_doc,doc+data,docs/mvp-research/pipeline/04_statistical/,統計摘要層(pipeline stage 04):全域 KV 摘要 + 逐條件擾動方向統計;可重現性驗收點,"02_curated/curated_targets.csv(直接讀 curated,非 processed)","data/summary_statistics.csv(18 metric×{metric,value})、data/condition_stats.csv(3 條件×4);README + EDA 派生文件",curated schema;cross_validation_results.csv(每 metric calc_logic),僅編輯本 stage 摘要 transform + README。此層為 R×Python cell-by-cell 0-mismatch;任何編輯須在兩語言重現。加 metric = 追加列 + 擴充 R 與 Python 實作 + 重新定 checksum。,module_blob_sha256,20bd2836a3254d8887c0b1ed475dc270931aa4742c27bdb04cf0206f3fd79054,5 files,"R×Python parity(stats_parity_report.md 24/24 PASS,唯一非零差 4.44e-16)+ third_party_verification.md(18-metric core 兩語言 md5 match)+ _validation/cross_validation_results.csv",OK,2026-07-12
P4_figure_visualization,figure_metadata,config/doc,metadata/figure_map.md + metadata/figure_palettes.yaml,圖表 metadata:figure_map.md(圖-源對照)+ figure_palettes.yaml(配色),none (authoritative),figure_palettes.yaml palette keys + figure_map.md IDs + figure_guide.md rules,consumed by 05_visualization & visualization,palette edit is CROSS-MODULE (shifts all figure colors); re-render+re-audit all after edit,module_blob_sha256,34d7da8de2841f80a1c8ca35baf0a2369598b5234711f3bb52e350e5a746c08a,2 files,visual-audit (color/style regression),OK,2026-07-12
P4_figure_visualization,viz_design_catalog,data/design,docs/mvp-research/visualization/,design-side chart catalog + interactive/3D HTML prototypes + 15 AlphaFold cif,design intent + processed schemas (read-only),"chart_catalog.csv (53), interactivity_spec.csv, STAGE1/2/3 HTML+MD, figures/*.png, structures/*.cif",none downstream (pure presentation),edit under docs/mvp-research/visualization/ only; cannot affect pipeline numbers,module_blob_sha256,6d306bc296cfe121326903eb19d33394c1ca8cc8680a9860916434cb7273b3b9,29 files,visual-audit + chart_catalog completeness,OK,2026-07-12
P4_figure_visualization,viz_pipeline_05,data/figures,docs/mvp-research/pipeline/05_visualization/ + docs/mvp-research/pipeline/05_visualization/refined_figures/,"53-chart refined figure render stage; render-only, no new statistics",stages 02/03/04 tables (read-only) + figure_palettes.yaml,refined_figures/<ID>.png x53 + REFINED_CATALOG_53.csv (53x6),upstream 02/03/04 schemas; figure_registry.csv,edit under 05_visualization/ only; cannot alter upstream numbers; re-audit 53 IDs,module_blob_sha256,b7773d7f543848a4b91ec3a9d1dcc1dd119f96f802848bd0c55422b8290425b2,57 files,visual-audit vs figure_registry.csv,OK,2026-07-12
P4_figure_visualization,viz_pipeline_06_animation,doc,docs/mvp-research/pipeline/06_animation/,presentation animation layer; 1:1 timed reveal of stage-05 statics; AS-IS (doc only on main),stage-05 statics + 02/03/04 (read-only),documented: anim01-10.gif 25fps + cover mp4/png (no binaries committed on main),stage-05 figure set,edit under 06_animation/ only; each anim maps to an audited static,module_blob_sha256,7a9f6b7170b82811a778af92cd59219b4ca20494e89f410c303776a7729e5b70,1 files,visual-audit,OK,2026-07-12
P5_informative_figure_server,dashboard_doc_07,doc,docs/mvp-research/pipeline/07_dashboard/,dashboard consumer-layer doc; runtime is backend(P5.2)+frontend,all upstream tables + _evidence/_pathway json (documented),stage-07 doc; runtime real-dataset.json pinned separately in FREEZE_MANIFEST,backend API + frontend,edit doc here; runtime isolated in src/3_DE_analysis + frontend/,module_blob_sha256,a9cf5bb6f469bd71f714a7092024663b9a05b17dc85588cb8618a86b5b459e6b,1 files,visual-audit(doc)+pytest(runtime),OK,2026-07-12
P5_informative_figure_server,de_api_backend,code,src/3_DE_analysis/api/,read-only FastAPI target-card backend; 47 route handlers across 19 routers,frozen upstream DE artifacts + evidence caches (read-only via deps.py),HTTP/JSON API pinned by contracts/card_schema.py + tests/test_api_openapi.py,contracts/card_schema.py; core/,change internals freely iff JSON contract holds; frontend never imports these,module_blob_sha256,45bd7d8ed680f7d92b9f2b6ea7b23ea143390244bf85e3d27dfa8c9f4b4cba1e,23 files,pytest tests/test_api_openapi.py + golden fixtures,OK,2026-07-12
P5_informative_figure_server,perturbase_frontend,code+data,docs/mvp-research/perturbase_frontend/ + docs/mvp-research/perturbase_frontend/catalog/,"flagship/informative figure factory: 71 figure_scripts + 71 rendered PNG + bilingual catalog (PR#69, 404 claim CORRECTED)",frozen upstream signed/level4/stage-05 artifacts (read-only),figure_scripts/<ID>.py -> matching PNG; ALL_CHARTS_CATALOG_bilingual.csv master manifest,upstream data; FIGURE_SCRIPTS_INDEX.csv,edit under perturbase_frontend/ only; scripts re-render from frozen upstream,module_blob_sha256,6437c5c07941c4ac5ffc04b80fe88e30fbb24cb0ebeec07cb59838aff83c7a88,146 files,visual-audit + catalog/script-index completeness,OK,2026-07-12
P5_informative_figure_server,webserver_public_assets,data/assets,frontend/webserver/public/ + frontend/webserver/public/flagship/delivery_funnel.png + frontend/webserver/public/flagship/screen_story.png + frontend/webserver/public/gallery/figures/A16.png + frontend/webserver/public/gallery/figures/A17.png + frontend/webserver/public/gallery/figures/A18.png,SPA-served static assets: flagship figures + full gallery PNG set + 3D cif + charts.json,rendered outputs from P5.3/P4 (build-copied),stable asset paths + gallery/data/charts.json (141KB) + structures.json,P5.3 figure scripts; backend API,edit under public/ only; assets re-rendered from frozen sources,module_blob_sha256,9192b6d7e8b9f511c9e816a97d831aafa37c40c8a2e718d3d6b25fcd904eb942,215 files,visual-audit + charts.json manifest integrity,OK,2026-07-12
P6_frontend_devops,freeze_validate_scripts,code,scripts/,"Freeze/validate/EDA devops scripts: freeze_pipeline.py, validate_pipeline.py (read-only collector), generate_stage_eda.py",Pipeline data files (read-only),Terminal report / freeze manifest; no pipeline mutation,pipeline data layout; make targets,Edit scripts/ only; validate_pipeline decides nothing (tests/ are authority); run make validate-pipeline,module_blob_sha256,350073f6ca16587dd9acfb2e6275aec8de59c74539b36c2b51b315fce50c1223,10 files,pytest tests/test_validate_pipeline_collector.py; make validate-pipeline runs,OK,2026-07-12
P6_frontend_devops,devops_build_config,code,frontend/webserver/package.json + frontend/webserver/package-lock.json + frontend/webserver/vite.config.ts + frontend/webserver/tsconfig.json + frontend/webserver/tsconfig.app.json + frontend/webserver/tsconfig.node.json + frontend/webserver/index.html + frontend/webserver/.oxlintrc.json + frontend/webserver/.gitignore + frontend/webserver/scripts + Makefile + environment.yaml + pytest.ini + .gitignore + netlify.toml + frontend/webserver/README.md,DevOps/build:前端 build/config(package/vite/tsconfig/index.html)+ 頂層 Makefile/environment.yaml/pytest.ini/.gitignore/netlify.toml,Node/npm toolchain; source under src/,Production build bundle; real-dataset.json export,package.json/package-lock.json pinned deps,Edit build/config here only; keep package-lock in sync; rebuild to validate,module_blob_sha256,35a10acac6a36d09aa95b9c685f46a49457298b822ee25130450d61c5a994751,15 files,npm run build succeeds; lockfile parity,OK,2026-07-12
P6_frontend_devops,frontend_readme,doc,frontend/README.md,Frontend module boundary rules (no import of backend internals; JSON is only contract),n/a (human-readable),Module isolation rule statement,none,Edit doc only; reflects current React SPA (not stale Streamlit),module_blob_sha256,63aadecb840469826f927f79186a95f9c179ff35a6f27a4eed47904e605b533c,1 files,human review,OK,2026-07-12
P6_frontend_devops,frontend_spa_src,code,frontend/webserver/src/,"React/TS SPA source: App, views (Explorer/Compare/Dossier/Clinical/Deck/Figures/Provenance/ApiDocs/Home), components, data models, lib (drawFigure/logic), store",FastAPI HTTP/JSON only (card_schema.py contract) + static public/real-dataset.json,Rendered SPA UI; writes nothing back to pipeline,FastAPI JSON contract (card_schema.py); webserver/package.json deps,Edit only frontend/webserver/src/; never import src/3_DE_analysis internals; run npm run build + pytest,module_blob_sha256,884b5c3a5e7fc66cc0592a24d524f3a591fd00ba4c201803c45e21abdca1c4f6,54 files,"npm run build (make web) + pytest tests/test_empty_states.py,test_upload_ui.py",OK,2026-07-12
P7_documentation,API,doc,docs/API.md,Named authority doc: API.md,n/a (human-readable spec),Prose/spec content; no machine contract,cross-references other docs,Edit this md/csv only; no code re-validation (unless it pins numbers e.g. validation_status.csv),module_blob_sha256,0439dad9a7f0da17cbcb592567c81fa35bea42ffd2c961c9cde651cf90731b3e,1 files,human review + matches code,OK,2026-07-12
P7_documentation,DRUG_DISCOVERY_TOOL_DEVELOPMENT_PLAN,doc,docs/DRUG_DISCOVERY_TOOL_DEVELOPMENT_PLAN.md,Non-mvp human-readable doc: DRUG_DISCOVERY_TOOL_DEVELOPMENT_PLAN.md,n/a (human-readable spec),Prose/spec content; no machine contract,cross-references other docs,Edit this md/csv only; no code re-validation (unless it pins numbers e.g. validation_status.csv),module_blob_sha256,188f0f35a62a387271faf6f2d32f9eda88aa69247455c4854d9b2a2970d44a61,1 files,human review,OK,2026-07-12
P7_documentation,FRONTEND_HANDOFF,doc,docs/FRONTEND_HANDOFF.md,Non-mvp human-readable doc: FRONTEND_HANDOFF.md,n/a (human-readable spec),Prose/spec content; no machine contract,cross-references other docs,Edit this md/csv only; no code re-validation (unless it pins numbers e.g. validation_status.csv),module_blob_sha256,e51d1f583b680cfecf9a57144387975b01600b8d8f70cf3053c0abd5bab53ef6,1 files,human review,OK,2026-07-12
P7_documentation,FRONTEND_HANDOFF.en,doc,docs/FRONTEND_HANDOFF.en.md,Non-mvp human-readable doc: FRONTEND_HANDOFF.en.md,n/a (human-readable spec),Prose/spec content; no machine contract,cross-references other docs,Edit this md/csv only; no code re-validation (unless it pins numbers e.g. validation_status.csv),module_blob_sha256,2e70466be4f82e53f532b6135561d911f6227ab946e16a4006ccbefccfcc552a,1 files,human review,OK,2026-07-12
P7_documentation,IMPLEMENTATION_PLAN,doc,docs/IMPLEMENTATION_PLAN.md,Non-mvp human-readable doc: IMPLEMENTATION_PLAN.md,n/a (human-readable spec),Prose/spec content; no machine contract,cross-references other docs,Edit this md/csv only; no code re-validation (unless it pins numbers e.g. validation_status.csv),module_blob_sha256,e983d0594d114db134efab5203f211a47f756fc207407ac63487890736f919b0,1 files,human review,OK,2026-07-12
P7_documentation,REPRODUCIBILITY,doc,docs/REPRODUCIBILITY.md,Named authority doc: REPRODUCIBILITY.md,n/a (human-readable spec),Prose/spec content; no machine contract,cross-references other docs,Edit this md/csv only; no code re-validation (unless it pins numbers e.g. validation_status.csv),module_blob_sha256,a8dccdd9c1226ec96708a88c193fcee6c6ef3271217ee4a6c418eed5f94729df,1 files,human review + matches code,OK,2026-07-12
P7_documentation,ROADMAP,doc,docs/ROADMAP.md,Non-mvp human-readable doc: ROADMAP.md,n/a (human-readable spec),Prose/spec content; no machine contract,cross-references other docs,Edit this md/csv only; no code re-validation (unless it pins numbers e.g. validation_status.csv),module_blob_sha256,3314084c80b3213f35763d03d95853628f3acda2a5b213e4162deb1f0ae11c73,1 files,human review,OK,2026-07-12
P7_documentation,architecture_refactor_plan,doc,docs/architecture_refactor_plan.md,Non-mvp human-readable doc: architecture_refactor_plan.md,n/a (human-readable spec),Prose/spec content; no machine contract,cross-references other docs,Edit this md/csv only; no code re-validation (unless it pins numbers e.g. validation_status.csv),module_blob_sha256,72ae70c27690a5710179e55dffd4a5c5dbaf34e76aa74060159f797185d495fe,1 files,human review,OK,2026-07-12
P7_documentation,bulk_download_schema,doc,docs/bulk_download_schema.md,Non-mvp human-readable doc: bulk_download_schema.md,n/a (human-readable spec),Prose/spec content; no machine contract,cross-references other docs,Edit this md/csv only; no code re-validation (unless it pins numbers e.g. validation_status.csv),module_blob_sha256,aadb6869cde59eb9e90feb2520612a63222d4c0812dc6778a2f2571ac39d3832,1 files,human review,OK,2026-07-12
P7_documentation,cache_and_versioning_policy,doc,docs/cache_and_versioning_policy.md,Non-mvp human-readable doc: cache_and_versioning_policy.md,n/a (human-readable spec),Prose/spec content; no machine contract,cross-references other docs,Edit this md/csv only; no code re-validation (unless it pins numbers e.g. validation_status.csv),module_blob_sha256,fc56696bf9015d6dd4a6d127fef8b9989bcd27fa03de252532b34faa23486b9c,1 files,human review,OK,2026-07-12
P7_documentation,compass_concept_integration_plan,doc,docs/compass_concept_integration_plan.md,Non-mvp human-readable doc: compass_concept_integration_plan.md,n/a (human-readable spec),Prose/spec content; no machine contract,cross-references other docs,Edit this md/csv only; no code re-validation (unless it pins numbers e.g. validation_status.csv),module_blob_sha256,f8ef78948b738c88f9a4ec8ba178fc68f2c13460f3b37b2c58ac69804d06f31c,1 files,human review,OK,2026-07-12
P7_documentation,concept_dictionary,doc,docs/concept_dictionary.md,Non-mvp human-readable doc: concept_dictionary.md,n/a (human-readable spec),Prose/spec content; no machine contract,cross-references other docs,Edit this md/csv only; no code re-validation (unless it pins numbers e.g. validation_status.csv),module_blob_sha256,b229397b10d054c170464a5178278750e82d475c2bd470bd27493e639f05b895,1 files,human review,OK,2026-07-12
P7_documentation,data_dictionary,doc,docs/data_dictionary.md,Non-mvp human-readable doc: data_dictionary.md,n/a (human-readable spec),Prose/spec content; no machine contract,cross-references other docs,Edit this md/csv only; no code re-validation (unless it pins numbers e.g. validation_status.csv),module_blob_sha256,0e26b66ebb1892e91a08d4cd669051acdf0a9cbea592fa11fbbc57b3a7da39a8,1 files,human review,OK,2026-07-12
P7_documentation,data_governance_checklist,doc,docs/data_governance_checklist.md,Non-mvp human-readable doc: data_governance_checklist.md,n/a (human-readable spec),Prose/spec content; no machine contract,cross-references other docs,Edit this md/csv only; no code re-validation (unless it pins numbers e.g. validation_status.csv),module_blob_sha256,b2a3d66f5989381401bd31db1e981521e73f887d3a0071b6f86e05d6e713b7e5,1 files,human review,OK,2026-07-12
P7_documentation,data_use_terms,doc,docs/data_use_terms.md,Non-mvp human-readable doc: data_use_terms.md,n/a (human-readable spec),Prose/spec content; no machine contract,cross-references other docs,Edit this md/csv only; no code re-validation (unless it pins numbers e.g. validation_status.csv),module_blob_sha256,843e845d7fdd7bbaad79b4c0dafa2004cb1977dd49c5773360c95d57ed27042f,1 files,human review,OK,2026-07-12
P7_documentation,de_and_baseline_spec,doc,docs/de_and_baseline_spec.md,Non-mvp human-readable doc: de_and_baseline_spec.md,n/a (human-readable spec),Prose/spec content; no machine contract,cross-references other docs,Edit this md/csv only; no code re-validation (unless it pins numbers e.g. validation_status.csv),module_blob_sha256,36894eebeb99ca67cdbaa45dee8d184e372a50b2f4c2da383f48267f777dbb06,1 files,human review,OK,2026-07-12
P7_documentation,def_followup_plan,doc,docs/def_followup_plan.md,Non-mvp human-readable doc: def_followup_plan.md,n/a (human-readable spec),Prose/spec content; no machine contract,cross-references other docs,Edit this md/csv only; no code re-validation (unless it pins numbers e.g. validation_status.csv),module_blob_sha256,a9656377861532d14a7c95f3ccb56c85349d7bc9bc7422de6e17822ba197659f,1 files,human review,OK,2026-07-12
P7_documentation,documentation_index,doc,docs/documentation_index.md,Named authority doc: documentation_index.md,n/a (human-readable spec),Prose/spec content; no machine contract,cross-references other docs,Edit this md/csv only; no code re-validation (unless it pins numbers e.g. validation_status.csv),module_blob_sha256,c95608395d65f6c3b602bd1e43c964d4c100e46198f16fda80bbe41111055146,1 files,human review + matches code,OK,2026-07-12
P7_documentation,explainer,doc,docs/explainer/,Human-readable explainer bundle (index.html + README),— (no upstream module; leaf doc/reference),Static HTML explainer,none,Edit under docs/explainer/ only; combined sha re-pinned on change,module_blob_sha256,bf761c3fd5844b325a097855d7dc9ed47e0dcd9039d62d9dd63deb678b9d59be,2 files,human review / renders in browser,OK,2026-07-12
P7_documentation,external_overlay_integration_concept,doc,docs/external_overlay_integration_concept.md,Non-mvp human-readable doc: external_overlay_integration_concept.md,n/a (human-readable spec),Prose/spec content; no machine contract,cross-references other docs,Edit this md/csv only; no code re-validation (unless it pins numbers e.g. validation_status.csv),module_blob_sha256,8ab01d727ee993a1a1d5abd6469b4a04a16e61b283be059a105cc66ef674823a,1 files,human review,OK,2026-07-12
P7_documentation,external_qa_review_2026-07-10,doc,docs/external_qa_review_2026-07-10.md,Non-mvp human-readable doc: external_qa_review_2026-07-10.md,n/a (human-readable spec),Prose/spec content; no machine contract,cross-references other docs,Edit this md/csv only; no code re-validation (unless it pins numbers e.g. validation_status.csv),module_blob_sha256,cdc38e683265507d662d876c834f0f4149ea34b5d824edad697d2215cd649565,1 files,human review,OK,2026-07-12
P7_documentation,figure_guide,doc,docs/figure_guide.md,Non-mvp human-readable doc: figure_guide.md,n/a (human-readable spec),Prose/spec content; no machine contract,cross-references other docs,Edit this md/csv only; no code re-validation (unless it pins numbers e.g. validation_status.csv),module_blob_sha256,1c747029b26ead30cb87dbc5e224f05c2b2173e500804f055dff33d79117e3a1,1 files,human review,OK,2026-07-12
P7_documentation,frontend_design,doc,docs/frontend_design.md,Non-mvp human-readable doc: frontend_design.md,n/a (human-readable spec),Prose/spec content; no machine contract,cross-references other docs,Edit this md/csv only; no code re-validation (unless it pins numbers e.g. validation_status.csv),module_blob_sha256,3f75757b3574a1c86225199b8306f6da3e3957ab72dfa7b0fbe40a4ee4c2e5b5,1 files,human review,OK,2026-07-12
P7_documentation,frontend_disclosure_spec,doc,docs/frontend_disclosure_spec.md,Non-mvp human-readable doc: frontend_disclosure_spec.md,n/a (human-readable spec),Prose/spec content; no machine contract,cross-references other docs,Edit this md/csv only; no code re-validation (unless it pins numbers e.g. validation_status.csv),module_blob_sha256,d8ebcb7f1af1e41352075e15bdb8e9a080bd21ae6441333030d9398fc7b8ed20,1 files,human review,OK,2026-07-12
P7_documentation,frontend_fix_plan,doc,docs/frontend_fix_plan.md,Non-mvp human-readable doc: frontend_fix_plan.md,n/a (human-readable spec),Prose/spec content; no machine contract,cross-references other docs,Edit this md/csv only; no code re-validation (unless it pins numbers e.g. validation_status.csv),module_blob_sha256,589d5444fe4f9454d41ca26756728d24a20b392520f38af0db9f1deb2aae0aa2,1 files,human review,OK,2026-07-12
P7_documentation,human_validation_protocol,doc,docs/human_validation_protocol.md,Non-mvp human-readable doc: human_validation_protocol.md,n/a (human-readable spec),Prose/spec content; no machine contract,cross-references other docs,Edit this md/csv only; no code re-validation (unless it pins numbers e.g. validation_status.csv),module_blob_sha256,f702d8ce34cd86b72da06a3b041ba3ffe041e05a76631a1edb4b6cc88444746b,1 files,human review,OK,2026-07-12
P7_documentation,improvement_roadmap,doc,docs/improvement_roadmap.md,Non-mvp human-readable doc: improvement_roadmap.md,n/a (human-readable spec),Prose/spec content; no machine contract,cross-references other docs,Edit this md/csv only; no code re-validation (unless it pins numbers e.g. validation_status.csv),module_blob_sha256,74e6a2593b4dda66991cea11606cf6da0a497c70da26062634b122784042221d,1 files,human review,OK,2026-07-12
P7_documentation,ml_feasibility_assessment,doc,docs/ml_feasibility_assessment.md,Non-mvp human-readable doc: ml_feasibility_assessment.md,n/a (human-readable spec),Prose/spec content; no machine contract,cross-references other docs,Edit this md/csv only; no code re-validation (unless it pins numbers e.g. validation_status.csv),module_blob_sha256,92e84e3ccd9084b1ca5316a02473294a8ece40669f5633b60b7f4d9fb6eb3e3f,1 files,human review,OK,2026-07-12
P7_documentation,next_phases_plan,doc,docs/next_phases_plan.md,Non-mvp human-readable doc: next_phases_plan.md,n/a (human-readable spec),Prose/spec content; no machine contract,cross-references other docs,Edit this md/csv only; no code re-validation (unless it pins numbers e.g. validation_status.csv),module_blob_sha256,1ae929b12e0e1a91150c566486eba164bad16f5135c81f9fa2389d271db6178f,1 files,human review,OK,2026-07-12
P7_documentation,perturbation_validation_plan,doc,docs/perturbation_validation_plan.md,Non-mvp human-readable doc: perturbation_validation_plan.md,n/a (human-readable spec),Prose/spec content; no machine contract,cross-references other docs,Edit this md/csv only; no code re-validation (unless it pins numbers e.g. validation_status.csv),module_blob_sha256,466e1d07866b6abb3aad86d3f47cc1e2b336c29091cce5f4885a325ca3ac335a,1 files,human review,OK,2026-07-12
P7_documentation,researcher_guide,doc,docs/researcher_guide/,Human-readable researcher_guide bundle (index.html + README),— (no upstream module; leaf doc/reference),Static HTML explainer,none,Edit under docs/researcher_guide/ only; combined sha re-pinned on change,module_blob_sha256,1c27e1c43b83b1befcf173c74d58b3c9c2baf8b3927571b5ffda2f909da6d1cd,2 files,human review / renders in browser,OK,2026-07-12
P7_documentation,server_modules,doc,docs/server_modules.md,Non-mvp human-readable doc: server_modules.md,n/a (human-readable spec),Prose/spec content; no machine contract,cross-references other docs,Edit this md/csv only; no code re-validation (unless it pins numbers e.g. validation_status.csv),module_blob_sha256,62e6cc1ce1e0d8e4ed34e1485022aa9c2639266d3e0a4365249caeb97f5a40bf,1 files,human review,OK,2026-07-12
P7_documentation,server_northstar,doc,docs/server_northstar.md,Non-mvp human-readable doc: server_northstar.md,n/a (human-readable spec),Prose/spec content; no machine contract,cross-references other docs,Edit this md/csv only; no code re-validation (unless it pins numbers e.g. validation_status.csv),module_blob_sha256,cf49f6f2c26ab13c689adb135f7716da0221ad188393a38b79bf9a9bbf5c8376,1 files,human review,OK,2026-07-12
P7_documentation,slides,doc,docs/slides/,Human-readable slides bundle (index.html + README),— (no upstream module; leaf doc/reference),Static HTML explainer,none,Edit under docs/slides/ only; combined sha re-pinned on change,module_blob_sha256,bfed93143d4fb3580befb2e5135b57e8fe1a9d22c6fcef6aea6bee5d56f985e0,3 files,human review / renders in browser,OK,2026-07-12
P7_documentation,technical_methods,doc,docs/technical_methods.md,Named authority doc: technical_methods.md,n/a (human-readable spec),Prose/spec content; no machine contract,cross-references other docs,Edit this md/csv only; no code re-validation (unless it pins numbers e.g. validation_status.csv),module_blob_sha256,aa4bfc5f68008454ad0ebdab19fb162c55e8c4ebed164152f87b2844dc79a3c0,1 files,human review + matches code,OK,2026-07-12
P7_documentation,tier2-gene-for-Claude science,doc,docs/tier2-gene-for-Claude science.md,Non-mvp human-readable doc: tier2-gene-for-Claude science.md,n/a (human-readable spec),Prose/spec content; no machine contract,cross-references other docs,Edit this md/csv only; no code re-validation (unless it pins numbers e.g. validation_status.csv),module_blob_sha256,fd11ca1921d89a5e81285bfa7c2b8042eabe9e47ed3440e65e4349a06e553ec3,1 files,human review,OK,2026-07-12
P7_documentation,ux_flow_stepwise_plan,doc,docs/ux_flow_stepwise_plan.md,Non-mvp human-readable doc: ux_flow_stepwise_plan.md,n/a (human-readable spec),Prose/spec content; no machine contract,cross-references other docs,Edit this md/csv only; no code re-validation (unless it pins numbers e.g. validation_status.csv),module_blob_sha256,4b9724746026b4208dda5652511790c899e709343f7523c835b51b565026e8e5,1 files,human review,OK,2026-07-12
P7_documentation,ux_trust_fix_plan,doc,docs/ux_trust_fix_plan.md,Non-mvp human-readable doc: ux_trust_fix_plan.md,n/a (human-readable spec),Prose/spec content; no machine contract,cross-references other docs,Edit this md/csv only; no code re-validation (unless it pins numbers e.g. validation_status.csv),module_blob_sha256,42ecb8fb07f5345c73b84b9c94f57d40e31fa99407b77c47e3ecac24b7a083da,1 files,human review,OK,2026-07-12
P7_documentation,validation_report,doc,docs/validation_report.md,Non-mvp human-readable doc: validation_report.md,n/a (human-readable spec),Prose/spec content; no machine contract,cross-references other docs,Edit this md/csv only; no code re-validation (unless it pins numbers e.g. validation_status.csv),module_blob_sha256,dda8ca6892a58c6840a4664cbf21653fc478085b618b0788f22fb357c750f486,1 files,human review,OK,2026-07-12
P7_documentation,validation_status,doc,docs/validation_status.csv,Non-mvp human-readable doc: validation_status.csv,n/a (human-readable spec),Prose/spec content; no machine contract,cross-references other docs,Edit this md/csv only; no code re-validation (unless it pins numbers e.g. validation_status.csv),module_blob_sha256,ae7663b4755e8a3ad50c53f94cd147b59763eee804cb786fbc6477cc9c448fc4,1 files,human review,OK,2026-07-12
P7_documentation,wiki,doc,wiki/,Project wiki: Home/Manual/Map/Plan/Roadmap/Maintenance/Development-Guide/Tech-Debt/_Sidebar,— (no upstream module; leaf doc/reference),Human-readable wiki pages,none,Edit under wiki/ only; combined sha re-pinned on deliberate change,module_blob_sha256,9076246bc1901eb841833e8925c9deffdc62a42a7605ca6645b06fab81b1d57b,10 files,human review,OK,2026-07-12
P8_readme_reference,DATA_LICENSE,doc,DATA_LICENSE.md,Data usage license/terms,— (no upstream module; leaf doc/reference),Human-readable reference,none,Edit file only; blob sha re-pinned on change,module_blob_sha256,be7dac87058a4a888c55f221c0f60eac659554582eb608d06b56b121015a242f,1 files,legal,OK,2026-07-12
P8_readme_reference,LICENSE,doc,LICENSE,Code license,— (no upstream module; leaf doc/reference),Human-readable reference,none,Edit file only; blob sha re-pinned on change,module_blob_sha256,0dabb0e788437f639c2231db76f455a4b9a9a4cfe93258900818a74b550d8edf,1 files,legal,OK,2026-07-12
P8_readme_reference,README,doc,README.md + docs/readme_assets/,Top-level repo README / entry point + its embedded highlight figures,— (no upstream module; leaf doc/reference),Human-readable reference,none,Edit file only; blob sha re-pinned on change,module_blob_sha256,9e0053b85f7876e2ba16816b88669ea9057ea60f39b346d084580e1a4887c490,4 files,human review,OK,2026-07-13
P8_readme_reference,literature_reference_corpus,reference,sources/topic*,"Literature & PMID reference corpus: topic01-16 PubMed/OpenAlex/ClinicalTrials JSON dumps, summary md, target/inventory csv",External literature (PubMed/OpenAlex/ClinicalTrials) — frozen snapshots,Reference corpus consumed by docs/target tool,external DB snapshots,Append/replace whole topic files; combined sha re-pinned on deliberate corpus change; individual PMIDs are immutable snapshots,module_blob_sha256,e6d6618ab8c3a81b97b76f3b43100b04c512404bf19d96bb12c2eb7a5cc90aaa,60 files,snapshot immutability / human review,OK,2026-07-12
P8_readme_reference,project_decision_log,doc,sources/project_decision_log.md,Chronological project decision log,— (no upstream module; leaf doc/reference),Human-readable reference,none,Edit file only; blob sha re-pinned on change,module_blob_sha256,64020c427e461d4bb32535a8635f223df5603e651bbd2e157094669c70d15a5b,1 files,human review,OK,2026-07-12
P8_readme_reference,provenance_registry,doc,docs/provenance_registry.md,Provenance registry (human-readable),— (no upstream module; leaf doc/reference),Human-readable reference,none,Edit file only; blob sha re-pinned on change,module_blob_sha256,3e7be1abe44ea2eda18c4afdaaf96c05b6983f6acfbc4861672b2320b0463645,1 files,human review,OK,2026-07-12
P8_readme_reference,provenance_registry_csv,data,docs/provenance_registry.csv,Machine-readable provenance registry (source->artifact mapping),Records for each pipeline/source artifact,CSV provenance table,consumed by docs + audits,Edit CSV only; both git blob sha and content md5 re-pinned on change,module_blob_sha256,d58a5c0e9b906d4f8890d72b16ca29148fcfcaf099b40f495ac74190776c2c7a,1 files,schema check + human review,OK,2026-07-12
P9_limitation,KNOWN_LIMITATIONS,doc,docs/KNOWN_LIMITATIONS.md,Known platform limitations — honest boundary statement,n/a (honest boundary declaration),Human-readable limitation statement,none,Edit md only; blob sha re-pinned on change,module_blob_sha256,551f3747f8631cf26ec9c9cbdecf217faaa3f4076ccd5e7a6676b3608909d2a2,1 files,human review,OK,2026-07-12
P9_limitation,sandbox_blocked_tasks,doc,docs/sandbox_blocked_tasks.md,Sandbox-blocked tasks (network/compute limits encountered),n/a (honest boundary declaration),Human-readable limitation statement,none,Edit md only; blob sha re-pinned on change,module_blob_sha256,d6deff74a247e5e01f4ff3fc09e88cf75f63338991591d534f77da46bebd929b,1 files,human review,OK,2026-07-12
P9_limitation,topic12_paper_limitations_future_work,doc,sources/topic12_paper_limitations_future_work.md,Paper-level limitations & future work synthesis,n/a (honest boundary declaration),Human-readable limitation statement,none,Edit md only; blob sha re-pinned on change,module_blob_sha256,314cdc011978c701111f804ebacb640dd1b62906ff59f60bff721e7f55dccf14,1 files,human review,OK,2026-07-12
P9_limitation,topic15_limitation_future_work_audit_table,doc,sources/topic15_limitation_future_work_audit_table.md,Limitation/future-work audit table,n/a (honest boundary declaration),Human-readable limitation statement,none,Edit md only; blob sha re-pinned on change,module_blob_sha256,ba38ba0b2669338e5d7cc96f1a762aea3b40afecdf1a74cff566a964de0487ef,1 files,human review,OK,2026-07-12
P0_shared_infra,shared_test_utils,shared dependency,tests/ + src/_misc/ + src/utils.py,跨模組共用:pytest 測試套件、golden fixtures、src/utils.py、_misc 腳本,各模組輸出(測試讀取),pytest pass/fail;golden fixtures 為契約錨,所有 src/ 階段,"共用層——修改須保守,漣漪及多模組;變更 golden fixture = 蓄意契約變更",module_blob_sha256,b79a18c398ef62e25234b6ed50edf4b232f1cbbf3f759cbefce761ac8dc68118,54 files,pytest + golden fixtures,OK,2026-07-12
P3_statistics,pipeline_validation_audits,statistics,docs/mvp-research/pipeline/reproducibility_audit/ + docs/mvp-research/pipeline/_validation/ + docs/mvp-research/pipeline/methodological_validation/,統計可重現性稽核:R×Python parity、third-party recompute、方法學驗證,上游 04_statistical 輸出,parity/verification 報告,04_statistical,僅編輯稽核資料夾;為 P3 的 validation authority 錨點,module_blob_sha256,7758d476d31487cd87f015057d61a19c001170f56408a2e618c718eaf65ce68b,21 files,R×Python parity + third-party recompute,OK,2026-07-12
P3_statistics,analysis_products,statistics,docs/mvp-research/pipeline/kinetics_avoid/ + docs/mvp-research/pipeline/blindspot_fixes/ + docs/mvp-research/pipeline/delivery/ + docs/mvp-research/pipeline/delivery_decision/ + docs/mvp-research/pipeline/context_specific/,下游分析產物:kinetics/avoid 分層、盲點修復、遞送決策、context-specific shortlist,gate-passing targets + 統計,分析 csv/md 產物,04_statistical,"僅編輯各分析資料夾;產物為衍生,不改上游契約",module_blob_sha256,6a627d9b7523f45b7c59cf24525292427bfc738fadcc1d97c5edef50970a8dc3,22 files,pinned md5 + 第三方重算,OK,2026-07-12
P5_informative_figure_server,ui_prototypes,informative figure and server,docs/mvp-research/pipeline/ui_prototypes/,Entry A/B 互動 UI 原型(rank board 等),排名/statistics 輸出,HTML 原型,07_dashboard,僅編輯原型資料夾,module_blob_sha256,7f7897815b8733b4dc38a35107083df99ca8de2a4c67e885ee09f09d827d2486,10 files,視覺/功能檢視,OK,2026-07-12
P4_figure_visualization,pipeline_viz_extra,figure and visualization,docs/mvp-research/pipeline/cover/ + docs/mvp-research/pipeline/generative_art/,視覺化階段補充:封面、生成藝術(05_visualization/06_animation 由 viz_pipeline_05/06 各自擁有),processed/statistical 輸出,png/gif/md,figure_map.md,僅編輯視覺化資料夾;唯讀 render 不產新統計,module_blob_sha256,d1844580702393102ea0bba26d7d9a33c6b76ec318d12a684bd48dab6e01a00a,5 files,視覺稽核 vs catalog,OK,2026-07-12
P4_figure_visualization,pipeline_root_docs,figure and visualization,docs/mvp-research/pipeline/STAGE_SUMMARY_AND_FREEZE.md + docs/mvp-research/pipeline/PIPELINE_LINEAGE.md + docs/mvp-research/pipeline/FREEZE_MANIFEST.csv + docs/mvp-research/pipeline/EDA_INDEX.md + docs/mvp-research/pipeline/_docs/,pipeline 根層文件:階段摘要、lineage、舊 freeze manifest、EDA 索引,各階段,文件,—,僅編輯根文件;舊 FREEZE_MANIFEST.csv 由 v2 統一版取代但保留供 lineage,module_blob_sha256,54561169df0f41654dd6b37ecc28216c4327d2605ecb9ca1e613caf4af272d41,7 files,文件審查,OK,2026-07-12
P3_statistics,perturbase_review,statistics,docs/mvp-research/perturbase_review/,平行審查交付:review summary、源論文/相關論文清單、可重現 bundle,各分析輸出,審查 md/csv,—,僅編輯 review 資料夾,module_blob_sha256,a6c4782f94a8a7303fa8c4609231ac05167f1a953adb22a2914bb53209d2e7fb,13 files,審查記錄,OK,2026-07-12
P3_statistics,disease_expansion,statistics,docs/mvp-research/disease_expansion/,621 基因三源疾病擴充 + top50 結構資產,signed 排名 + 外部 API,擴充 csv/zip,signed_de_application,僅編輯擴充資料夾,module_blob_sha256,344f21c3ed4fb99b93f41c02b3c0a253c10a68d0f08331ef861b7f95a3797ca2,11 files,三源交叉核對,OK,2026-07-12
P3_statistics,closure_audit,statistics,docs/mvp-research/closure_audit/,收尾三軸稽核:後端完整性、前端覆蓋、順序驗證矩陣、舊隔離政策,全模組,稽核 md/csv,—,僅編輯稽核資料夾;舊 MODULE_ISOLATION_POLICY.md 由 v2 取代,module_blob_sha256,981119e023ede5da8d32333d37cafda34a9fd78581b0c2b65ed563434a45d64b,8 files,稽核記錄,OK,2026-07-12
P8_readme_reference,mvp_research_root,readme and reference,docs/mvp-research/,mvp-research 根層散置文件:MVP 簡報、模組定位、任務 runbook、資料清單、demo,各來源,md/csv/json,—,僅編輯根層散檔,module_blob_sha256,00131b72f3d5a8dfeb7b56af3cc39fc99a06f57c65ba22019c640537e06ce3d5,142 files,文件審查,OK,2026-07-12
P7_documentation,structure_governance,documentation,docs/structure/PHASE_MODULE_MAP.md + docs/structure/MODULE_ISOLATION_POLICY_v2.md + docs/structure/STRUCTURE_REVIEW.md,全倉結構治理文件:PHASE_MODULE_MAP、MODULE_ISOLATION_POLICY_v2、FREEZE_MANIFEST_UNIFIED、STRUCTURE_REVIEW,全模組 manifest,治理 md/csv(本層自我描述),—,"僅編輯 docs/structure/;此為結構真值層,變更即重新凍結",module_blob_sha256,ba86f2e849c80983e5f583c975c767dcb1a059c62c54a0935b094fe8f7f4bc0b,3 files,validate_freeze_unified.py 自我一致,OK,2026-07-12
P7_documentation,manuscript,doc,docs/manuscript/,Perturbase manuscript draft + literature appraisal + handling-editor narrative review + figure deck,— (no upstream module; synthesizes P3_statistics/P4_figure_visualization outputs into a human-readable manuscript),PERTURBASE_MANUSCRIPT.md + NARRATIVE_REVIEW.md + LITERATURE_APPRAISAL.md + figure_deck.pdf,none,Edit under docs/manuscript/ only; combined sha re-pinned on deliberate change,module_blob_sha256,fc96356b084d11016c11c6b6bbb1d4043db1982b43ff86c0c14fdfcc6e5b9745,4 files,human review,OK,2026-07-12
